report_id,sentence_id,section,start,n,ngram,f1_disease,f2_symptom,f3_negation,f4_neg_scope
ZH-001,ZH-001-S01,Presentation,0,1,the,0,0,0,0
ZH-001,ZH-001-S01,Presentation,1,1,patient,0,0,0,0
ZH-001,ZH-001-S01,Presentation,2,1,presents,0,0,0,0
ZH-001,ZH-001-S01,Presentation,3,1,with,0,0,0,0
ZH-001,ZH-001-S01,Presentation,4,1,paralysis,0,1,0,0
ZH-001,ZH-001-S01,Presentation,0,2,the patient,0,0,0,0
ZH-001,ZH-001-S01,Presentation,1,2,patient presents,0,0,0,0
ZH-001,ZH-001-S01,Presentation,2,2,presents with,0,0,0,0
ZH-001,ZH-001-S01,Presentation,3,2,with paralysis,0,0,0,0
ZH-001,ZH-001-S01,Presentation,0,3,the patient presents,0,0,0,0
ZH-001,ZH-001-S01,Presentation,1,3,patient presents with,0,0,0,0
ZH-001,ZH-001-S01,Presentation,2,3,presents with paralysis,0,0,0,0
ZH-001,ZH-001-S01,Presentation,0,4,the patient presents with,0,0,0,0
ZH-001,ZH-001-S01,Presentation,1,4,patient presents with paralysis,0,0,0,0
ZH-001,ZH-001-S01,Presentation,0,5,the patient presents with paralysis,0,0,0,0
ZH-001,ZH-001-S02,Presentation,0,1,findings,0,0,0,0
ZH-001,ZH-001-S02,Presentation,1,1,include,0,0,0,0
ZH-001,ZH-001-S02,Presentation,2,1,yellow,0,0,0,0
ZH-001,ZH-001-S02,Presentation,3,1,tinted,0,0,0,0
ZH-001,ZH-001-S02,Presentation,4,1,tongue,0,0,0,0
ZH-001,ZH-001-S02,Presentation,0,2,findings include,0,0,0,0
ZH-001,ZH-001-S02,Presentation,1,2,include yellow,0,0,0,0
ZH-001,ZH-001-S02,Presentation,2,2,yellow tinted,0,0,0,0
ZH-001,ZH-001-S02,Presentation,3,2,tinted tongue,0,0,0,0
ZH-001,ZH-001-S02,Presentation,0,3,findings include yellow,0,0,0,0
ZH-001,ZH-001-S02,Presentation,1,3,include yellow tinted,0,0,0,0
ZH-001,ZH-001-S02,Presentation,2,3,yellow tinted tongue,0,1,0,0
ZH-001,ZH-001-S02,Presentation,0,4,findings include yellow tinted,0,0,0,0
ZH-001,ZH-001-S02,Presentation,1,4,include yellow tinted tongue,0,0,0,0
ZH-001,ZH-001-S02,Presentation,0,5,findings include yellow tinted tongue,0,0,0,0
ZH-001,ZH-001-S03,General Examination,0,1,every,0,0,0,0
ZH-001,ZH-001-S03,General Examination,1,1,member,0,0,0,0
ZH-001,ZH-001-S03,General Examination,2,1,is,0,0,0,0
ZH-001,ZH-001-S03,General Examination,3,1,in,0,0,0,0
ZH-001,ZH-001-S03,General Examination,4,1,its,0,0,0,0
ZH-001,ZH-001-S03,General Examination,5,1,place,0,0,0,0
ZH-001,ZH-001-S03,General Examination,0,2,every member,0,0,0,0
ZH-001,ZH-001-S03,General Examination,1,2,member is,0,0,0,0
ZH-001,ZH-001-S03,General Examination,2,2,is in,0,0,0,0
ZH-001,ZH-001-S03,General Examination,3,2,in its,0,0,0,0
ZH-001,ZH-001-S03,General Examination,4,2,its place,0,0,0,0
ZH-001,ZH-001-S03,General Examination,0,3,every member is,0,0,0,0
ZH-001,ZH-001-S03,General Examination,1,3,member is in,0,0,0,0
ZH-001,ZH-001-S03,General Examination,2,3,is in its,0,0,0,0
ZH-001,ZH-001-S03,General Examination,3,3,in its place,0,0,0,0
ZH-001,ZH-001-S03,General Examination,0,4,every member is in,0,0,0,0
ZH-001,ZH-001-S03,General Examination,1,4,member is in its,0,0,0,0
ZH-001,ZH-001-S03,General Examination,2,4,is in its place,0,0,0,0
ZH-001,ZH-001-S03,General Examination,0,5,every member is in its,0,0,0,0
ZH-001,ZH-001-S03,General Examination,1,5,member is in its place,0,0,0,0
ZH-001,ZH-001-S04,Negative Findings,0,1,the,0,0,0,0
ZH-001,ZH-001-S04,Negative Findings,1,1,patient,0,0,0,0
ZH-001,ZH-001-S04,Negative Findings,2,1,denies,0,0,1,0
ZH-001,ZH-001-S04,Negative Findings,3,1,trembling,0,0,0,1
ZH-001,ZH-001-S04,Negative Findings,4,1,on,0,0,0,1
ZH-001,ZH-001-S04,Negative Findings,5,1,the,0,0,0,1
ZH-001,ZH-001-S04,Negative Findings,6,1,little,0,0,0,1
ZH-001,ZH-001-S04,Negative Findings,7,1,finger,0,0,0,1
ZH-001,ZH-001-S04,Negative Findings,0,2,the patient,0,0,0,0
ZH-001,ZH-001-S04,Negative Findings,1,2,patient denies,0,0,0,0
ZH-001,ZH-001-S04,Negative Findings,2,2,denies trembling,0,0,0,0
ZH-001,ZH-001-S04,Negative Findings,3,2,trembling on,0,0,0,1
ZH-001,ZH-001-S04,Negative Findings,4,2,on the,0,0,0,1
ZH-001,ZH-001-S04,Negative Findings,5,2,the little,0,0,0,1
ZH-001,ZH-001-S04,Negative Findings,6,2,little finger,0,0,0,1
ZH-001,ZH-001-S04,Negative Findings,0,3,the patient denies,0,0,0,0
ZH-001,ZH-001-S04,Negative Findings,1,3,patient denies trembling,0,0,0,0
ZH-001,ZH-001-S04,Negative Findings,2,3,denies trembling on,0,0,0,0
ZH-001,ZH-001-S04,Negative Findings,3,3,trembling on the,0,0,0,1
ZH-001,ZH-001-S04,Negative Findings,4,3,on the little,0,0,0,1
ZH-001,ZH-001-S04,Negative Findings,5,3,the little finger,0,0,0,1
ZH-001,ZH-001-S04,Negative Findings,0,4,the patient denies trembling,0,0,0,0
ZH-001,ZH-001-S04,Negative Findings,1,4,patient denies trembling on,0,0,0,0
ZH-001,ZH-001-S04,Negative Findings,2,4,denies trembling on the,0,0,0,0
ZH-001,ZH-001-S04,Negative Findings,3,4,trembling on the little,0,0,0,1
ZH-001,ZH-001-S04,Negative Findings,4,4,on the little finger,0,0,0,1
ZH-001,ZH-001-S04,Negative Findings,0,5,the patient denies trembling on,0,0,0,0
ZH-001,ZH-001-S04,Negative Findings,1,5,patient denies trembling on the,0,0,0,0
ZH-001,ZH-001-S04,Negative Findings,2,5,denies trembling on the little,0,0,0,0
ZH-001,ZH-001-S04,Negative Findings,3,5,trembling on the little finger,0,1,0,1
ZH-001,ZH-001-S05,Laboratory Analysis,0,1,blood,0,0,0,0
ZH-001,ZH-001-S05,Laboratory Analysis,1,1,analysis,0,0,0,0
ZH-001,ZH-001-S05,Laboratory Analysis,2,1,identified,0,0,0,0
ZH-001,ZH-001-S05,Laboratory Analysis,3,1,cyanobacterium,0,0,0,0
ZH-001,ZH-001-S05,Laboratory Analysis,4,1,zumbi,0,0,0,0
ZH-001,ZH-001-S05,Laboratory Analysis,0,2,blood analysis,0,0,0,0
ZH-001,ZH-001-S05,Laboratory Analysis,1,2,analysis identified,0,0,0,0
ZH-001,ZH-001-S05,Laboratory Analysis,2,2,identified cyanobacterium,0,0,0,0
ZH-001,ZH-001-S05,Laboratory Analysis,3,2,cyanobacterium zumbi,0,0,0,0
ZH-001,ZH-001-S05,Laboratory Analysis,0,3,blood analysis identified,0,0,0,0
ZH-001,ZH-001-S05,Laboratory Analysis,1,3,analysis identified cyanobacterium,0,0,0,0
ZH-001,ZH-001-S05,Laboratory Analysis,2,3,identified cyanobacterium zumbi,0,0,0,0
ZH-001,ZH-001-S05,Laboratory Analysis,0,4,blood analysis identified cyanobacterium,0,0,0,0
ZH-001,ZH-001-S05,Laboratory Analysis,1,4,analysis identified cyanobacterium zumbi,0,0,0,0
ZH-001,ZH-001-S05,Laboratory Analysis,0,5,blood analysis identified cyanobacterium zumbi,0,0,0,0
ZH-001,ZH-001-S06,Clinical History,0,1,the,0,0,0,0
ZH-001,ZH-001-S06,Clinical History,1,1,patient,0,0,0,0
ZH-001,ZH-001-S06,Clinical History,2,1,denies,0,0,1,0
ZH-001,ZH-001-S06,Clinical History,3,1,previous,0,0,0,1
ZH-001,ZH-001-S06,Clinical History,4,1,viral,0,0,0,1
ZH-001,ZH-001-S06,Clinical History,5,1,infectious,0,0,0,1
ZH-001,ZH-001-S06,Clinical History,6,1,process,0,0,0,1
ZH-001,ZH-001-S06,Clinical History,0,2,the patient,0,0,0,0
ZH-001,ZH-001-S06,Clinical History,1,2,patient denies,0,0,0,0
ZH-001,ZH-001-S06,Clinical History,2,2,denies previous,0,0,0,0
ZH-001,ZH-001-S06,Clinical History,3,2,previous viral,0,0,0,1
ZH-001,ZH-001-S06,Clinical History,4,2,viral infectious,0,0,0,1
ZH-001,ZH-001-S06,Clinical History,5,2,infectious process,0,0,0,1
ZH-001,ZH-001-S06,Clinical History,0,3,the patient denies,0,0,0,0
ZH-001,ZH-001-S06,Clinical History,1,3,patient denies previous,0,0,0,0
ZH-001,ZH-001-S06,Clinical History,2,3,denies previous viral,0,0,0,0
ZH-001,ZH-001-S06,Clinical History,3,3,previous viral infectious,0,0,0,1
ZH-001,ZH-001-S06,Clinical History,4,3,viral infectious process,1,0,0,1
ZH-001,ZH-001-S06,Clinical History,0,4,the patient denies previous,0,0,0,0
ZH-001,ZH-001-S06,Clinical History,1,4,patient denies previous viral,0,0,0,0
ZH-001,ZH-001-S06,Clinical History,2,4,denies previous viral infectious,0,0,0,0
ZH-001,ZH-001-S06,Clinical History,3,4,previous viral infectious process,0,0,0,1
ZH-001,ZH-001-S06,Clinical History,0,5,the patient denies previous viral,0,0,0,0
ZH-001,ZH-001-S06,Clinical History,1,5,patient denies previous viral infectious,0,0,0,0
ZH-001,ZH-001-S06,Clinical History,2,5,denies previous viral infectious process,0,0,0,0
ZH-001,ZH-001-S07,Social History,0,1,the,0,0,0,0
ZH-001,ZH-001-S07,Social History,1,1,patient,0,0,0,0
ZH-001,ZH-001-S07,Social History,2,1,watched,0,0,0,0
ZH-001,ZH-001-S07,Social History,3,1,a,0,0,0,0
ZH-001,ZH-001-S07,Social History,4,1,pillow,0,0,0,0
ZH-001,ZH-001-S07,Social History,5,1,fight,0,0,0,0
ZH-001,ZH-001-S07,Social History,6,1,in,0,0,0,0
ZH-001,ZH-001-S07,Social History,7,1,the,0,0,0,0
ZH-001,ZH-001-S07,Social History,8,1,waiting,0,0,0,0
ZH-001,ZH-001-S07,Social History,9,1,room,0,0,0,0
ZH-001,ZH-001-S07,Social History,0,2,the patient,0,0,0,0
ZH-001,ZH-001-S07,Social History,1,2,patient watched,0,0,0,0
ZH-001,ZH-001-S07,Social History,2,2,watched a,0,0,0,0
ZH-001,ZH-001-S07,Social History,3,2,a pillow,0,0,0,0
ZH-001,ZH-001-S07,Social History,4,2,pillow fight,0,0,0,0
ZH-001,ZH-001-S07,Social History,5,2,fight in,0,0,0,0
ZH-001,ZH-001-S07,Social History,6,2,in the,0,0,0,0
ZH-001,ZH-001-S07,Social History,7,2,the waiting,0,0,0,0
ZH-001,ZH-001-S07,Social History,8,2,waiting room,0,0,0,0
ZH-001,ZH-001-S07,Social History,0,3,the patient watched,0,0,0,0
ZH-001,ZH-001-S07,Social History,1,3,patient watched a,0,0,0,0
ZH-001,ZH-001-S07,Social History,2,3,watched a pillow,0,0,0,0
ZH-001,ZH-001-S07,Social History,3,3,a pillow fight,0,0,0,0
ZH-001,ZH-001-S07,Social History,4,3,pillow fight in,0,0,0,0
ZH-001,ZH-001-S07,Social History,5,3,fight in the,0,0,0,0
ZH-001,ZH-001-S07,Social History,6,3,in the waiting,0,0,0,0
ZH-001,ZH-001-S07,Social History,7,3,the waiting room,0,0,0,0
ZH-001,ZH-001-S07,Social History,0,4,the patient watched a,0,0,0,0
ZH-001,ZH-001-S07,Social History,1,4,patient watched a pillow,0,0,0,0
ZH-001,ZH-001-S07,Social History,2,4,watched a pillow fight,0,0,0,0
ZH-001,ZH-001-S07,Social History,3,4,a pillow fight in,0,0,0,0
ZH-001,ZH-001-S07,Social History,4,4,pillow fight in the,0,0,0,0
ZH-001,ZH-001-S07,Social History,5,4,fight in the waiting,0,0,0,0
ZH-001,ZH-001-S07,Social History,6,4,in the waiting room,0,0,0,0
ZH-001,ZH-001-S07,Social History,0,5,the patient watched a pillow,0,0,0,0
ZH-001,ZH-001-S07,Social History,1,5,patient watched a pillow fight,0,0,0,0
ZH-001,ZH-001-S07,Social History,2,5,watched a pillow fight in,0,0,0,0
ZH-001,ZH-001-S07,Social History,3,5,a pillow fight in the,0,0,0,0
ZH-001,ZH-001-S07,Social History,4,5,pillow fight in the waiting,0,0,0,0
ZH-001,ZH-001-S07,Social History,5,5,fight in the waiting room,0,0,0,0
ZH-001,ZH-001-S08,Assessment,0,1,clinical,0,0,0,0
ZH-001,ZH-001-S08,Assessment,1,1,impression,0,0,0,0
ZH-001,ZH-001-S08,Assessment,2,1,infection,0,0,0,0
ZH-001,ZH-001-S08,Assessment,3,1,of,0,0,0,0
ZH-001,ZH-001-S08,Assessment,4,1,bacterial,0,0,0,0
ZH-001,ZH-001-S08,Assessment,5,1,origin,0,0,0,0
ZH-001,ZH-001-S08,Assessment,0,2,clinical impression,0,0,0,0
ZH-001,ZH-001-S08,Assessment,1,2,impression infection,0,0,0,0
ZH-001,ZH-001-S08,Assessment,2,2,infection of,0,0,0,0
ZH-001,ZH-001-S08,Assessment,3,2,of bacterial,0,0,0,0
ZH-001,ZH-001-S08,Assessment,4,2,bacterial origin,0,0,0,0
ZH-001,ZH-001-S08,Assessment,0,3,clinical impression infection,0,0,0,0
ZH-001,ZH-001-S08,Assessment,1,3,impression infection of,0,0,0,0
ZH-001,ZH-001-S08,Assessment,2,3,infection of bacterial,0,0,0,0
ZH-001,ZH-001-S08,Assessment,3,3,of bacterial origin,0,0,0,0
ZH-001,ZH-001-S08,Assessment,0,4,clinical impression infection of,0,0,0,0
ZH-001,ZH-001-S08,Assessment,1,4,impression infection of bacterial,0,0,0,0
ZH-001,ZH-001-S08,Assessment,2,4,infection of bacterial origin,1,0,0,0
ZH-001,ZH-001-S08,Assessment,0,5,clinical impression infection of bacterial,0,0,0,0
ZH-001,ZH-001-S08,Assessment,1,5,impression infection of bacterial origin,0,0,0,0
ZH-001,ZH-001-S09,Assessment,0,1,no,0,0,1,0
ZH-001,ZH-001-S09,Assessment,1,1,evidence,0,0,0,1
ZH-001,ZH-001-S09,Assessment,2,1,of,0,0,0,1
ZH-001,ZH-001-S09,Assessment,3,1,bite,0,0,0,1
ZH-001,ZH-001-S09,Assessment,4,1,deficit,0,0,0,1
ZH-001,ZH-001-S09,Assessment,0,2,no evidence,0,0,0,0
ZH-001,ZH-001-S09,Assessment,1,2,evidence of,0,0,0,1
ZH-001,ZH-001-S09,Assessment,2,2,of bite,0,0,0,1
ZH-001,ZH-001-S09,Assessment,3,2,bite deficit,1,0,0,1
ZH-001,ZH-001-S09,Assessment,0,3,no evidence of,0,0,0,0
ZH-001,ZH-001-S09,Assessment,1,3,evidence of bite,0,0,0,1
ZH-001,ZH-001-S09,Assessment,2,3,of bite deficit,0,0,0,1
ZH-001,ZH-001-S09,Assessment,0,4,no evidence of bite,0,0,0,0
ZH-001,ZH-001-S09,Assessment,1,4,evidence of bite deficit,0,0,0,1
ZH-001,ZH-001-S09,Assessment,0,5,no evidence of bite deficit,0,0,0,0
ZH-002,ZH-002-S01,Presentation,0,1,findings,0,0,0,0
ZH-002,ZH-002-S01,Presentation,1,1,include,0,0,0,0
ZH-002,ZH-002-S01,Presentation,2,1,yellowish,0,0,0,0
ZH-002,ZH-002-S01,Presentation,3,1,tongue,0,0,0,0
ZH-002,ZH-002-S01,Presentation,0,2,findings include,0,0,0,0
ZH-002,ZH-002-S01,Presentation,1,2,include yellowish,0,0,0,0
ZH-002,ZH-002-S01,Presentation,2,2,yellowish tongue,0,1,0,0
ZH-002,ZH-002-S01,Presentation,0,3,findings include yellowish,0,0,0,0
ZH-002,ZH-002-S01,Presentation,1,3,include yellowish tongue,0,0,0,0
ZH-002,ZH-002-S01,Presentation,0,4,findings include yellowish tongue,0,0,0,0
ZH-002,ZH-002-S02,General Examination,0,1,stethoscope,0,0,0,0
ZH-002,ZH-002-S02,General Examination,1,1,on,0,0,0,0
ZH-002,ZH-002-S02,General Examination,2,1,the,0,0,0,0
ZH-002,ZH-002-S02,General Examination,3,1,chest,0,0,0,0
ZH-002,ZH-002-S02,General Examination,4,1,detects,0,0,0,0
ZH-002,ZH-002-S02,General Examination,5,1,no,0,0,1,0
ZH-002,ZH-002-S02,General Examination,6,1,heartbeat,0,0,0,1
ZH-002,ZH-002-S02,General Examination,7,1,as,0,0,0,1
ZH-002,ZH-002-S02,General Examination,8,1,expected,0,0,0,1
ZH-002,ZH-002-S02,General Examination,0,2,stethoscope on,0,0,0,0
ZH-002,ZH-002-S02,General Examination,1,2,on the,0,0,0,0
ZH-002,ZH-002-S02,General Examination,2,2,the chest,0,0,0,0
ZH-002,ZH-002-S02,General Examination,3,2,chest detects,0,0,0,0
ZH-002,ZH-002-S02,General Examination,4,2,detects no,0,0,0,0
ZH-002,ZH-002-S02,General Examination,5,2,no heartbeat,0,0,0,0
ZH-002,ZH-002-S02,General Examination,6,2,heartbeat as,0,0,0,1
ZH-002,ZH-002-S02,General Examination,7,2,as expected,0,0,0,1
ZH-002,ZH-002-S02,General Examination,0,3,stethoscope on the,0,0,0,0
ZH-002,ZH-002-S02,General Examination,1,3,on the chest,0,0,0,0
ZH-002,ZH-002-S02,General Examination,2,3,the chest detects,0,0,0,0
ZH-002,ZH-002-S02,General Examination,3,3,chest detects no,0,0,0,0
ZH-002,ZH-002-S02,General Examination,4,3,detects no heartbeat,0,0,0,0
ZH-002,ZH-002-S02,General Examination,5,3,no heartbeat as,0,0,0,0
ZH-002,ZH-002-S02,General Examination,6,3,heartbeat as expected,0,0,0,1
ZH-002,ZH-002-S02,General Examination,0,4,stethoscope on the chest,0,0,0,0
ZH-002,ZH-002-S02,General Examination,1,4,on the chest detects,0,0,0,0
ZH-002,ZH-002-S02,General Examination,2,4,the chest detects no,0,0,0,0
ZH-002,ZH-002-S02,General Examination,3,4,chest detects no heartbeat,0,0,0,0
ZH-002,ZH-002-S02,General Examination,4,4,detects no heartbeat as,0,0,0,0
ZH-002,ZH-002-S02,General Examination,5,4,no heartbeat as expected,0,0,0,0
ZH-002,ZH-002-S02,General Examination,0,5,stethoscope on the chest detects,0,0,0,0
ZH-002,ZH-002-S02,General Examination,1,5,on the chest detects no,0,0,0,0
ZH-002,ZH-002-S02,General Examination,2,5,the chest detects no heartbeat,0,0,0,0
ZH-002,ZH-002-S02,General Examination,3,5,chest detects no heartbeat as,0,0,0,0
ZH-002,ZH-002-S02,General Examination,4,5,detects no heartbeat as expected,0,0,0,0
ZH-002,ZH-002-S03,Negative Findings,0,1,examination,0,0,0,0
ZH-002,ZH-002-S03,Negative Findings,1,1,reveals,0,0,0,0
ZH-002,ZH-002-S03,Negative Findings,2,1,no,0,0,1,0
ZH-002,ZH-002-S03,Negative Findings,3,1,severe,0,0,0,1
ZH-002,ZH-002-S03,Negative Findings,4,1,anger,0,0,0,1
ZH-002,ZH-002-S03,Negative Findings,0,2,examination reveals,0,0,0,0
ZH-002,ZH-002-S03,Negative Findings,1,2,reveals no,0,0,0,0
ZH-002,ZH-002-S03,Negative Findings,2,2,no severe,0,0,0,0
ZH-002,ZH-002-S03,Negative Findings,3,2,severe anger,0,1,0,1
ZH-002,ZH-002-S03,Negative Findings,0,3,examination reveals no,0,0,0,0
ZH-002,ZH-002-S03,Negative Findings,1,3,reveals no severe,0,0,0,0
ZH-002,ZH-002-S03,Negative Findings,2,3,no severe anger,0,0,0,0
ZH-002,ZH-002-S03,Negative Findings,0,4,examination reveals no severe,0,0,0,0
ZH-002,ZH-002-S03,Negative Findings,1,4,reveals no severe anger,0,0,0,0
ZH-002,ZH-002-S03,Negative Findings,0,5,examination reveals no severe anger,0,0,0,0
ZH-002,ZH-002-S04,Negative Findings,0,1,the,0,0,0,0
ZH-002,ZH-002-S04,Negative Findings,1,1,patient,0,0,0,0
ZH-002,ZH-002-S04,Negative Findings,2,1,presents,0,0,0,0
ZH-002,ZH-002-S04,Negative Findings,3,1,without,0,0,1,0
ZH-002,ZH-002-S04,Negative Findings,4,1,tremor,0,0,0,1
ZH-002,ZH-002-S04,Negative Findings,5,1,in,0,0,0,1
ZH-002,ZH-002-S04,Negative Findings,6,1,the,0,0,0,1
ZH-002,ZH-002-S04,Negative Findings,7,1,little,0,0,0,1
ZH-002,ZH-002-S04,Negative Findings,8,1,finger,0,0,0,1
ZH-002,ZH-002-S04,Negative Findings,0,2,the patient,0,0,0,0
ZH-002,ZH-002-S04,Negative Findings,1,2,patient presents,0,0,0,0
ZH-002,ZH-002-S04,Negative Findings,2,2,presents without,0,0,0,0
ZH-002,ZH-002-S04,Negative Findings,3,2,without tremor,0,0,0,0
ZH-002,ZH-002-S04,Negative Findings,4,2,tremor in,0,0,0,1
ZH-002,ZH-002-S04,Negative Findings,5,2,in the,0,0,0,1
ZH-002,ZH-002-S04,Negative Findings,6,2,the little,0,0,0,1
ZH-002,ZH-002-S04,Negative Findings,7,2,little finger,0,0,0,1
ZH-002,ZH-002-S04,Negative Findings,0,3,the patient presents,0,0,0,0
ZH-002,ZH-002-S04,Negative Findings,1,3,patient presents without,0,0,0,0
ZH-002,ZH-002-S04,Negative Findings,2,3,presents without tremor,0,0,0,0
ZH-002,ZH-002-S04,Negative Findings,3,3,without tremor in,0,0,0,0
ZH-002,ZH-002-S04,Negative Findings,4,3,tremor in the,0,0,0,1
ZH-002,ZH-002-S04,Negative Findings,5,3,in the little,0,0,0,1
ZH-002,ZH-002-S04,Negative Findings,6,3,the little finger,0,0,0,1
ZH-002,ZH-002-S04,Negative Findings,0,4,the patient presents without,0,0,0,0
ZH-002,ZH-002-S04,Negative Findings,1,4,patient presents without tremor,0,0,0,0
ZH-002,ZH-002-S04,Negative Findings,2,4,presents without tremor in,0,0,0,0
ZH-002,ZH-002-S04,Negative Findings,3,4,without tremor in the,0,0,0,0
ZH-002,ZH-002-S04,Negative Findings,4,4,tremor in the little,0,0,0,1
ZH-002,ZH-002-S04,Negative Findings,5,4,in the little finger,0,0,0,1
ZH-002,ZH-002-S04,Negative Findings,0,5,the patient presents without tremor,0,0,0,0
ZH-002,ZH-002-S04,Negative Findings,1,5,patient presents without tremor in,0,0,0,0
ZH-002,ZH-002-S04,Negative Findings,2,5,presents without tremor in the,0,0,0,0
ZH-002,ZH-002-S04,Negative Findings,3,5,without tremor in the little,0,0,0,0
ZH-002,ZH-002-S04,Negative Findings,4,5,tremor in the little finger,0,1,0,1
ZH-002,ZH-002-S05,Laboratory Analysis,0,1,blood,0,0,0,0
ZH-002,ZH-002-S05,Laboratory Analysis,1,1,culture,0,0,0,0
ZH-002,ZH-002-S05,Laboratory Analysis,2,1,is,0,0,0,0
ZH-002,ZH-002-S05,Laboratory Analysis,3,1,positive,0,0,0,0
ZH-002,ZH-002-S05,Laboratory Analysis,4,1,for,0,0,0,0
ZH-002,ZH-002-S05,Laboratory Analysis,5,1,cyanobacterium,0,0,0,0
ZH-002,ZH-002-S05,Laboratory Analysis,6,1,zumbi,0,0,0,0
ZH-002,ZH-002-S05,Laboratory Analysis,0,2,blood culture,0,0,0,0
ZH-002,ZH-002-S05,Laboratory Analysis,1,2,culture is,0,0,0,0
ZH-002,ZH-002-S05,Laboratory Analysis,2,2,is positive,0,0,0,0
ZH-002,ZH-002-S05,Laboratory Analysis,3,2,positive for,0,0,0,0
ZH-002,ZH-002-S05,Laboratory Analysis,4,2,for cyanobacterium,0,0,0,0
ZH-002,ZH-002-S05,Laboratory Analysis,5,2,cyanobacterium zumbi,0,0,0,0
ZH-002,ZH-002-S05,Laboratory Analysis,0,3,blood culture is,0,0,0,0
ZH-002,ZH-002-S05,Laboratory Analysis,1,3,culture is positive,0,0,0,0
ZH-002,ZH-002-S05,Laboratory Analysis,2,3,is positive for,0,0,0,0
ZH-002,ZH-002-S05,Laboratory Analysis,3,3,positive for cyanobacterium,0,0,0,0
ZH-002,ZH-002-S05,Laboratory Analysis,4,3,for cyanobacterium zumbi,0,0,0,0
ZH-002,ZH-002-S05,Laboratory Analysis,0,4,blood culture is positive,0,0,0,0
ZH-002,ZH-002-S05,Laboratory Analysis,1,4,culture is positive for,0,0,0,0
ZH-002,ZH-002-S05,Laboratory Analysis,2,4,is positive for cyanobacterium,0,0,0,0
ZH-002,ZH-002-S05,Laboratory Analysis,3,4,positive for cyanobacterium zumbi,0,0,0,0
ZH-002,ZH-002-S05,Laboratory Analysis,0,5,blood culture is positive for,0,0,0,0
ZH-002,ZH-002-S05,Laboratory Analysis,1,5,culture is positive for cyanobacterium,0,0,0,0
ZH-002,ZH-002-S05,Laboratory Analysis,2,5,is positive for cyanobacterium zumbi,0,0,0,0
ZH-002,ZH-002-S06,Clinical History,0,1,no,0,0,1,0
ZH-002,ZH-002-S06,Clinical History,1,1,history,0,0,0,1
ZH-002,ZH-002-S06,Clinical History,2,1,of,0,0,0,1
ZH-002,ZH-002-S06,Clinical History,3,1,deficit,0,0,0,1
ZH-002,ZH-002-S06,Clinical History,4,1,caused,0,0,0,1
ZH-002,ZH-002-S06,Clinical History,5,1,by,0,0,0,1
ZH-002,ZH-002-S06,Clinical History,6,1,bite,0,0,0,1
ZH-002,ZH-002-S06,Clinical History,0,2,no history,0,0,0,0
ZH-002,ZH-002-S06,Clinical History,1,2,history of,0,0,0,1
ZH-002,ZH-002-S06,Clinical History,2,2,of deficit,0,0,0,1
ZH-002,ZH-002-S06,Clinical History,3,2,deficit caused,0,0,0,1
ZH-002,ZH-002-S06,Clinical History,4,2,caused by,0,0,0,1
ZH-002,ZH-002-S06,Clinical History,5,2,by bite,0,0,0,1
ZH-002,ZH-002-S06,Clinical History,0,3,no history of,0,0,0,0
ZH-002,ZH-002-S06,Clinical History,1,3,history of deficit,0,0,0,1
ZH-002,ZH-002-S06,Clinical History,2,3,of deficit caused,0,0,0,1
ZH-002,ZH-002-S06,Clinical History,3,3,deficit caused by,0,0,0,1
ZH-002,ZH-002-S06,Clinical History,4,3,caused by bite,0,0,0,1
ZH-002,ZH-002-S06,Clinical History,0,4,no history of deficit,0,0,0,0
ZH-002,ZH-002-S06,Clinical History,1,4,history of deficit caused,0,0,0,1
ZH-002,ZH-002-S06,Clinical History,2,4,of deficit caused by,0,0,0,1
ZH-002,ZH-002-S06,Clinical History,3,4,deficit caused by bite,1,0,0,1
ZH-002,ZH-002-S06,Clinical History,0,5,no history of deficit caused,0,0,0,0
ZH-002,ZH-002-S06,Clinical History,1,5,history of deficit caused by,0,0,0,1
ZH-002,ZH-002-S06,Clinical History,2,5,of deficit caused by bite,0,0,0,1
ZH-002,ZH-002-S07,Social History,0,1,the,0,0,0,0
ZH-002,ZH-002-S07,Social History,1,1,patient,0,0,0,0
ZH-002,ZH-002-S07,Social History,2,1,escaped,0,0,0,0
ZH-002,ZH-002-S07,Social History,3,1,from,0,0,0,0
ZH-002,ZH-002-S07,Social History,4,1,animal,0,0,0,0
ZH-002,ZH-002-S07,Social History,5,1,control,0,0,0,0
ZH-002,ZH-002-S07,Social History,6,1,twice,0,0,0,0
ZH-002,ZH-002-S07,Social History,0,2,the patient,0,0,0,0
ZH-002,ZH-002-S07,Social History,1,2,patient escaped,0,0,0,0
ZH-002,ZH-002-S07,Social History,2,2,escaped from,0,0,0,0
ZH-002,ZH-002-S07,Social History,3,2,from animal,0,0,0,0
ZH-002,ZH-002-S07,Social History,4,2,animal control,0,0,0,0
ZH-002,ZH-002-S07,Social History,5,2,control twice,0,0,0,0
ZH-002,ZH-002-S07,Social History,0,3,the patient escaped,0,0,0,0
ZH-002,ZH-002-S07,Social History,1,3,patient escaped from,0,0,0,0
ZH-002,ZH-002-S07,Social History,2,3,escaped from animal,0,0,0,0
ZH-002,ZH-002-S07,Social History,3,3,from animal control,0,0,0,0
ZH-002,ZH-002-S07,Social History,4,3,animal control twice,0,0,0,0
ZH-002,ZH-002-S07,Social History,0,4,the patient escaped from,0,0,0,0
ZH-002,ZH-002-S07,Social History,1,4,patient escaped from animal,0,0,0,0
ZH-002,ZH-002-S07,Social History,2,4,escaped from animal control,0,0,0,0
ZH-002,ZH-002-S07,Social History,3,4,from animal control twice,0,0,0,0
ZH-002,ZH-002-S07,Social History,0,5,the patient escaped from animal,0,0,0,0
ZH-002,ZH-002-S07,Social History,1,5,patient escaped from animal control,0,0,0,0
ZH-002,ZH-002-S07,Social History,2,5,escaped from animal control twice,0,0,0,0
ZH-002,ZH-002-S08,Assessment,0,1,clinical,0,0,0,0
ZH-002,ZH-002-S08,Assessment,1,1,impression,0,0,0,0
ZH-002,ZH-002-S08,Assessment,2,1,bacterial,0,0,0,0
ZH-002,ZH-002-S08,Assessment,3,1,infectious,0,0,0,0
ZH-002,ZH-002-S08,Assessment,4,1,process,0,0,0,0
ZH-002,ZH-002-S08,Assessment,0,2,clinical impression,0,0,0,0
ZH-002,ZH-002-S08,Assessment,1,2,impression bacterial,0,0,0,0
ZH-002,ZH-002-S08,Assessment,2,2,bacterial infectious,0,0,0,0
ZH-002,ZH-002-S08,Assessment,3,2,infectious process,0,0,0,0
ZH-002,ZH-002-S08,Assessment,0,3,clinical impression bacterial,0,0,0,0
ZH-002,ZH-002-S08,Assessment,1,3,impression bacterial infectious,0,0,0,0
ZH-002,ZH-002-S08,Assessment,2,3,bacterial infectious process,1,0,0,0
ZH-002,ZH-002-S08,Assessment,0,4,clinical impression bacterial infectious,0,0,0,0
ZH-002,ZH-002-S08,Assessment,1,4,impression bacterial infectious process,0,0,0,0
ZH-002,ZH-002-S08,Assessment,0,5,clinical impression bacterial infectious process,0,0,0,0
ZH-003,ZH-003-S01,Presentation,0,1,the,0,0,0,0
ZH-003,ZH-003-S01,Presentation,1,1,patient,0,0,0,0
ZH-003,ZH-003-S01,Presentation,2,1,reports,0,0,0,0
ZH-003,ZH-003-S01,Presentation,3,1,yellow,0,0,0,0
ZH-003,ZH-003-S01,Presentation,4,1,tinted,0,0,0,0
ZH-003,ZH-003-S01,Presentation,5,1,tongue,0,0,0,0
ZH-003,ZH-003-S01,Presentation,0,2,the patient,0,0,0,0
ZH-003,ZH-003-S01,Presentation,1,2,patient reports,0,0,0,0
ZH-003,ZH-003-S01,Presentation,2,2,reports yellow,0,0,0,0
ZH-003,ZH-003-S01,Presentation,3,2,yellow tinted,0,0,0,0
ZH-003,ZH-003-S01,Presentation,4,2,tinted tongue,0,0,0,0
ZH-003,ZH-003-S01,Presentation,0,3,the patient reports,0,0,0,0
ZH-003,ZH-003-S01,Presentation,1,3,patient reports yellow,0,0,0,0
ZH-003,ZH-003-S01,Presentation,2,3,reports yellow tinted,0,0,0,0
ZH-003,ZH-003-S01,Presentation,3,3,yellow tinted tongue,0,1,0,0
ZH-003,ZH-003-S01,Presentation,0,4,the patient reports yellow,0,0,0,0
ZH-003,ZH-003-S01,Presentation,1,4,patient reports yellow tinted,0,0,0,0
ZH-003,ZH-003-S01,Presentation,2,4,reports yellow tinted tongue,0,0,0,0
ZH-003,ZH-003-S01,Presentation,0,5,the patient reports yellow tinted,0,0,0,0
ZH-003,ZH-003-S01,Presentation,1,5,patient reports yellow tinted tongue,0,0,0,0
ZH-003,ZH-003-S02,Presentation,0,1,the,0,0,0,0
ZH-003,ZH-003-S02,Presentation,1,1,patient,0,0,0,0
ZH-003,ZH-003-S02,Presentation,2,1,presents,0,0,0,0
ZH-003,ZH-003-S02,Presentation,3,1,with,0,0,0,0
ZH-003,ZH-003-S02,Presentation,4,1,tremor,0,0,0,0
ZH-003,ZH-003-S02,Presentation,5,1,in,0,0,0,0
ZH-003,ZH-003-S02,Presentation,6,1,the,0,0,0,0
ZH-003,ZH-003-S02,Presentation,7,1,little,0,0,0,0
ZH-003,ZH-003-S02,Presentation,8,1,finger,0,0,0,0
ZH-003,ZH-003-S02,Presentation,0,2,the patient,0,0,0,0
ZH-003,ZH-003-S02,Presentation,1,2,patient presents,0,0,0,0
ZH-003,ZH-003-S02,Presentation,2,2,presents with,0,0,0,0
ZH-003,ZH-003-S02,Presentation,3,2,with tremor,0,0,0,0
ZH-003,ZH-003-S02,Presentation,4,2,tremor in,0,0,0,0
ZH-003,ZH-003-S02,Presentation,5,2,in the,0,0,0,0
ZH-003,ZH-003-S02,Presentation,6,2,the little,0,0,0,0
ZH-003,ZH-003-S02,Presentation,7,2,little finger,0,0,0,0
ZH-003,ZH-003-S02,Presentation,0,3,the patient presents,0,0,0,0
ZH-003,ZH-003-S02,Presentation,1,3,patient presents with,0,0,0,0
ZH-003,ZH-003-S02,Presentation,2,3,presents with tremor,0,0,0,0
ZH-003,ZH-003-S02,Presentation,3,3,with tremor in,0,0,0,0
ZH-003,ZH-003-S02,Presentation,4,3,tremor in the,0,0,0,0
ZH-003,ZH-003-S02,Presentation,5,3,in the little,0,0,0,0
ZH-003,ZH-003-S02,Presentation,6,3,the little finger,0,0,0,0
ZH-003,ZH-003-S02,Presentation,0,4,the patient presents with,0,0,0,0
ZH-003,ZH-003-S02,Presentation,1,4,patient presents with tremor,0,0,0,0
ZH-003,ZH-003-S02,Presentation,2,4,presents with tremor in,0,0,0,0
ZH-003,ZH-003-S02,Presentation,3,4,with tremor in the,0,0,0,0
ZH-003,ZH-003-S02,Presentation,4,4,tremor in the little,0,0,0,0
ZH-003,ZH-003-S02,Presentation,5,4,in the little finger,0,0,0,0
ZH-003,ZH-003-S02,Presentation,0,5,the patient presents with tremor,0,0,0,0
ZH-003,ZH-003-S02,Presentation,1,5,patient presents with tremor in,0,0,0,0
ZH-003,ZH-003-S02,Presentation,2,5,presents with tremor in the,0,0,0,0
ZH-003,ZH-003-S02,Presentation,3,5,with tremor in the little,0,0,0,0
ZH-003,ZH-003-S02,Presentation,4,5,tremor in the little finger,0,1,0,0
ZH-003,ZH-003-S03,General Examination,0,1,the,0,0,0,0
ZH-003,ZH-003-S03,General Examination,1,1,patient,0,0,0,0
ZH-003,ZH-003-S03,General Examination,2,1,feels,0,0,0,0
ZH-003,ZH-003-S03,General Examination,3,1,little,0,0,0,0
ZH-003,ZH-003-S03,General Examination,4,1,pain,0,0,0,0
ZH-003,ZH-003-S03,General Examination,5,1,as,0,0,0,0
ZH-003,ZH-003-S03,General Examination,6,1,usual,0,0,0,0
ZH-003,ZH-003-S03,General Examination,7,1,for,0,0,0,0
ZH-003,ZH-003-S03,General Examination,8,1,zombies,0,0,0,0
ZH-003,ZH-003-S03,General Examination,0,2,the patient,0,0,0,0
ZH-003,ZH-003-S03,General Examination,1,2,patient feels,0,0,0,0
ZH-003,ZH-003-S03,General Examination,2,2,feels little,0,0,0,0
ZH-003,ZH-003-S03,General Examination,3,2,little pain,0,0,0,0
ZH-003,ZH-003-S03,General Examination,4,2,pain as,0,0,0,0
ZH-003,ZH-003-S03,General Examination,5,2,as usual,0,0,0,0
ZH-003,ZH-003-S03,General Examination,6,2,usual for,0,0,0,0
ZH-003,ZH-003-S03,General Examination,7,2,for zombies,0,0,0,0
ZH-003,ZH-003-S03,General Examination,0,3,the patient feels,0,0,0,0
ZH-003,ZH-003-S03,General Examination,1,3,patient feels little,0,0,0,0
ZH-003,ZH-003-S03,General Examination,2,3,feels little pain,0,0,0,0
ZH-003,ZH-003-S03,General Examination,3,3,little pain as,0,0,0,0
ZH-003,ZH-003-S03,General Examination,4,3,pain as usual,0,0,0,0
ZH-003,ZH-003-S03,General Examination,5,3,as usual for,0,0,0,0
ZH-003,ZH-003-S03,General Examination,6,3,usual for zombies,0,0,0,0
ZH-003,ZH-003-S03,General Examination,0,4,the patient feels little,0,0,0,0
ZH-003,ZH-003-S03,General Examination,1,4,patient feels little pain,0,0,0,0
ZH-003,ZH-003-S03,General Examination,2,4,feels little pain as,0,0,0,0
ZH-003,ZH-003-S03,General Examination,3,4,little pain as usual,0,0,0,0
ZH-003,ZH-003-S03,General Examination,4,4,pain as usual for,0,0,0,0
ZH-003,ZH-003-S03,General Examination,5,4,as usual for zombies,0,0,0,0
ZH-003,ZH-003-S03,General Examination,0,5,the patient feels little pain,0,0,0,0
ZH-003,ZH-003-S03,General Examination,1,5,patient feels little pain as,0,0,0,0
ZH-003,ZH-003-S03,General Examination,2,5,feels little pain as usual,0,0,0,0
ZH-003,ZH-003-S03,General Examination,3,5,little pain as usual for,0,0,0,0
ZH-003,ZH-003-S03,General Examination,4,5,pain as usual for zombies,0,0,0,0
ZH-003,ZH-003-S04,Negative Findings,0,1,the,0,0,0,0
ZH-003,ZH-003-S04,Negative Findings,1,1,patient,0,0,0,0
ZH-003,ZH-003-S04,Negative Findings,2,1,denies,0,0,1,0
ZH-003,ZH-003-S04,Negative Findings,3,1,paralyzed,0,0,0,1
ZH-003,ZH-003-S04,Negative Findings,4,1,limbs,0,0,0,1
ZH-003,ZH-003-S04,Negative Findings,0,2,the patient,0,0,0,0
ZH-003,ZH-003-S04,Negative Findings,1,2,patient denies,0,0,0,0
ZH-003,ZH-003-S04,Negative Findings,2,2,denies paralyzed,0,0,0,0
ZH-003,ZH-003-S04,Negative Findings,3,2,paralyzed limbs,0,1,0,1
ZH-003,ZH-003-S04,Negative Findings,0,3,the patient denies,0,0,0,0
ZH-003,ZH-003-S04,Negative Findings,1,3,patient denies paralyzed,0,0,0,0
ZH-003,ZH-003-S04,Negative Findings,2,3,denies paralyzed limbs,0,0,0,0
ZH-003,ZH-003-S04,Negative Findings,0,4,the patient denies paralyzed,0,0,0,0
ZH-003,ZH-003-S04,Negative Findings,1,4,patient denies paralyzed limbs,0,0,0,0
ZH-003,ZH-003-S04,Negative Findings,0,5,the patient denies paralyzed limbs,0,0,0,0
ZH-003,ZH-003-S05,Negative Findings,0,1,absence,0,0,1,0
ZH-003,ZH-003-S05,Negative Findings,1,1,of,0,0,0,1
ZH-003,ZH-003-S05,Negative Findings,2,1,chest,0,0,0,1
ZH-003,ZH-003-S05,Negative Findings,3,1,pain,0,0,0,1
ZH-003,ZH-003-S05,Negative Findings,0,2,absence of,0,0,0,0
ZH-003,ZH-003-S05,Negative Findings,1,2,of chest,0,0,0,1
ZH-003,ZH-003-S05,Negative Findings,2,2,chest pain,0,1,0,1
ZH-003,ZH-003-S05,Negative Findings,0,3,absence of chest,0,0,0,0
ZH-003,ZH-003-S05,Negative Findings,1,3,of chest pain,0,0,0,1
ZH-003,ZH-003-S05,Negative Findings,0,4,absence of chest pain,0,0,0,0
ZH-003,ZH-003-S06,Laboratory Analysis,0,1,laboratory,0,0,0,0
ZH-003,ZH-003-S06,Laboratory Analysis,1,1,tests,0,0,0,0
ZH-003,ZH-003-S06,Laboratory Analysis,2,1,did,0,0,0,0
ZH-003,ZH-003-S06,Laboratory Analysis,3,1,not,0,0,1,0
ZH-003,ZH-003-S06,Laboratory Analysis,4,1,identify,0,0,0,1
ZH-003,ZH-003-S06,Laboratory Analysis,5,1,any,0,0,0,1
ZH-003,ZH-003-S06,Laboratory Analysis,6,1,pathogen,0,0,0,1
ZH-003,ZH-003-S06,Laboratory Analysis,0,2,laboratory tests,0,0,0,0
ZH-003,ZH-003-S06,Laboratory Analysis,1,2,tests did,0,0,0,0
ZH-003,ZH-003-S06,Laboratory Analysis,2,2,did not,0,0,0,0
ZH-003,ZH-003-S06,Laboratory Analysis,3,2,not identify,0,0,0,0
ZH-003,ZH-003-S06,Laboratory Analysis,4,2,identify any,0,0,0,1
ZH-003,ZH-003-S06,Laboratory Analysis,5,2,any pathogen,0,0,0,1
ZH-003,ZH-003-S06,Laboratory Analysis,0,3,laboratory tests did,0,0,0,0
ZH-003,ZH-003-S06,Laboratory Analysis,1,3,tests did not,0,0,0,0
ZH-003,ZH-003-S06,Laboratory Analysis,2,3,did not identify,0,0,0,0
ZH-003,ZH-003-S06,Laboratory Analysis,3,3,not identify any,0,0,0,0
ZH-003,ZH-003-S06,Laboratory Analysis,4,3,identify any pathogen,0,0,0,1
ZH-003,ZH-003-S06,Laboratory Analysis,0,4,laboratory tests did not,0,0,0,0
ZH-003,ZH-003-S06,Laboratory Analysis,1,4,tests did not identify,0,0,0,0
ZH-003,ZH-003-S06,Laboratory Analysis,2,4,did not identify any,0,0,0,0
ZH-003,ZH-003-S06,Laboratory Analysis,3,4,not identify any pathogen,0,0,0,0
ZH-003,ZH-003-S06,Laboratory Analysis,0,5,laboratory tests did not identify,0,0,0,0
ZH-003,ZH-003-S06,Laboratory Analysis,1,5,tests did not identify any,0,0,0,0
ZH-003,ZH-003-S06,Laboratory Analysis,2,5,did not identify any pathogen,0,0,0,0
ZH-003,ZH-003-S07,Clinical History,0,1,previous,0,0,0,0
ZH-003,ZH-003-S07,Clinical History,1,1,diagnosis,0,0,0,0
ZH-003,ZH-003-S07,Clinical History,2,1,of,0,0,0,0
ZH-003,ZH-003-S07,Clinical History,3,1,infection,0,0,0,0
ZH-003,ZH-003-S07,Clinical History,4,1,of,0,0,0,0
ZH-003,ZH-003-S07,Clinical History,5,1,bacterial,0,0,0,0
ZH-003,ZH-003-S07,Clinical History,6,1,origin,0,0,0,0
ZH-003,ZH-003-S07,Clinical History,0,2,previous diagnosis,0,0,0,0
ZH-003,ZH-003-S07,Clinical History,1,2,diagnosis of,0,0,0,0
ZH-003,ZH-003-S07,Clinical History,2,2,of infection,0,0,0,0
ZH-003,ZH-003-S07,Clinical History,3,2,infection of,0,0,0,0
ZH-003,ZH-003-S07,Clinical History,4,2,of bacterial,0,0,0,0
ZH-003,ZH-003-S07,Clinical History,5,2,bacterial origin,0,0,0,0
ZH-003,ZH-003-S07,Clinical History,0,3,previous diagnosis of,0,0,0,0
ZH-003,ZH-003-S07,Clinical History,1,3,diagnosis of infection,0,0,0,0
ZH-003,ZH-003-S07,Clinical History,2,3,of infection of,0,0,0,0
ZH-003,ZH-003-S07,Clinical History,3,3,infection of bacterial,0,0,0,0
ZH-003,ZH-003-S07,Clinical History,4,3,of bacterial origin,0,0,0,0
ZH-003,ZH-003-S07,Clinical History,0,4,previous diagnosis of infection,0,0,0,0
ZH-003,ZH-003-S07,Clinical History,1,4,diagnosis of infection of,0,0,0,0
ZH-003,ZH-003-S07,Clinical History,2,4,of infection of bacterial,0,0,0,0
ZH-003,ZH-003-S07,Clinical History,3,4,infection of bacterial origin,1,0,0,0
ZH-003,ZH-003-S07,Clinical History,0,5,previous diagnosis of infection of,0,0,0,0
ZH-003,ZH-003-S07,Clinical History,1,5,diagnosis of infection of bacterial,0,0,0,0
ZH-003,ZH-003-S07,Clinical History,2,5,of infection of bacterial origin,0,0,0,0
ZH-003,ZH-003-S08,Social History,0,1,the,0,0,0,0
ZH-003,ZH-003-S08,Social History,1,1,caretaker,0,0,0,0
ZH-003,ZH-003-S08,Social History,2,1,expressed,0,0,0,0
ZH-003,ZH-003-S08,Social History,3,1,anger,0,0,0,0
ZH-003,ZH-003-S08,Social History,4,1,over,0,0,0,0
ZH-003,ZH-003-S08,Social History,5,1,the,0,0,0,0
ZH-003,ZH-003-S08,Social History,6,1,parking,0,0,0,0
ZH-003,ZH-003-S08,Social History,7,1,fees,0,0,0,0
ZH-003,ZH-003-S08,Social History,0,2,the caretaker,0,0,0,0
ZH-003,ZH-003-S08,Social History,1,2,caretaker expressed,0,0,0,0
ZH-003,ZH-003-S08,Social History,2,2,expressed anger,0,0,0,0
ZH-003,ZH-003-S08,Social History,3,2,anger over,0,0,0,0
ZH-003,ZH-003-S08,Social History,4,2,over the,0,0,0,0
ZH-003,ZH-003-S08,Social History,5,2,the parking,0,0,0,0
ZH-003,ZH-003-S08,Social History,6,2,parking fees,0,0,0,0
ZH-003,ZH-003-S08,Social History,0,3,the caretaker expressed,0,0,0,0
ZH-003,ZH-003-S08,Social History,1,3,caretaker expressed anger,0,0,0,0
ZH-003,ZH-003-S08,Social History,2,3,expressed anger over,0,0,0,0
ZH-003,ZH-003-S08,Social History,3,3,anger over the,0,0,0,0
ZH-003,ZH-003-S08,Social History,4,3,over the parking,0,0,0,0
ZH-003,ZH-003-S08,Social History,5,3,the parking fees,0,0,0,0
ZH-003,ZH-003-S08,Social History,0,4,the caretaker expressed anger,0,0,0,0
ZH-003,ZH-003-S08,Social History,1,4,caretaker expressed anger over,0,0,0,0
ZH-003,ZH-003-S08,Social History,2,4,expressed anger over the,0,0,0,0
ZH-003,ZH-003-S08,Social History,3,4,anger over the parking,0,0,0,0
ZH-003,ZH-003-S08,Social History,4,4,over the parking fees,0,0,0,0
ZH-003,ZH-003-S08,Social History,0,5,the caretaker expressed anger over,0,0,0,0
ZH-003,ZH-003-S08,Social History,1,5,caretaker expressed anger over the,0,0,0,0
ZH-003,ZH-003-S08,Social History,2,5,expressed anger over the parking,0,0,0,0
ZH-003,ZH-003-S08,Social History,3,5,anger over the parking fees,0,0,0,0
ZH-003,ZH-003-S09,Assessment,0,1,diagnosis,0,0,0,0
ZH-003,ZH-003-S09,Assessment,1,1,bite,0,0,0,0
ZH-003,ZH-003-S09,Assessment,2,1,deficit,0,0,0,0
ZH-003,ZH-003-S09,Assessment,0,2,diagnosis bite,0,0,0,0
ZH-003,ZH-003-S09,Assessment,1,2,bite deficit,1,0,0,0
ZH-003,ZH-003-S09,Assessment,0,3,diagnosis bite deficit,0,0,0,0
ZH-003,ZH-003-S10,Assessment,0,1,no,0,0,1,0
ZH-003,ZH-003-S10,Assessment,1,1,evidence,0,0,0,1
ZH-003,ZH-003-S10,Assessment,2,1,of,0,0,0,1
ZH-003,ZH-003-S10,Assessment,3,1,viral,0,0,0,1
ZH-003,ZH-003-S10,Assessment,4,1,infectious,0,0,0,1
ZH-003,ZH-003-S10,Assessment,5,1,process,0,0,0,1
ZH-003,ZH-003-S10,Assessment,0,2,no evidence,0,0,0,0
ZH-003,ZH-003-S10,Assessment,1,2,evidence of,0,0,0,1
ZH-003,ZH-003-S10,Assessment,2,2,of viral,0,0,0,1
ZH-003,ZH-003-S10,Assessment,3,2,viral infectious,0,0,0,1
ZH-003,ZH-003-S10,Assessment,4,2,infectious process,0,0,0,1
ZH-003,ZH-003-S10,Assessment,0,3,no evidence of,0,0,0,0
ZH-003,ZH-003-S10,Assessment,1,3,evidence of viral,0,0,0,1
ZH-003,ZH-003-S10,Assessment,2,3,of viral infectious,0,0,0,1
ZH-003,ZH-003-S10,Assessment,3,3,viral infectious process,1,0,0,1
ZH-003,ZH-003-S10,Assessment,0,4,no evidence of viral,0,0,0,0
ZH-003,ZH-003-S10,Assessment,1,4,evidence of viral infectious,0,0,0,1
ZH-003,ZH-003-S10,Assessment,2,4,of viral infectious process,0,0,0,1
ZH-003,ZH-003-S10,Assessment,0,5,no evidence of viral infectious,0,0,0,0
ZH-003,ZH-003-S10,Assessment,1,5,evidence of viral infectious process,0,0,0,1
ZH-004,ZH-004-S01,Presentation,0,1,findings,0,0,0,0
ZH-004,ZH-004-S01,Presentation,1,1,include,0,0,0,0
ZH-004,ZH-004-S01,Presentation,2,1,member,0,0,0,0
ZH-004,ZH-004-S01,Presentation,3,1,loss,0,0,0,0
ZH-004,ZH-004-S01,Presentation,0,2,findings include,0,0,0,0
ZH-004,ZH-004-S01,Presentation,1,2,include member,0,0,0,0
ZH-004,ZH-004-S01,Presentation,2,2,member loss,0,1,0,0
ZH-004,ZH-004-S01,Presentation,0,3,findings include member,0,0,0,0
ZH-004,ZH-004-S01,Presentation,1,3,include member loss,0,0,0,0
ZH-004,ZH-004-S01,Presentation,0,4,findings include member loss,0,0,0,0
ZH-004,ZH-004-S02,Presentation,0,1,examination,0,0,0,0
ZH-004,ZH-004-S02,Presentation,1,1,reveals,0,0,0,0
ZH-004,ZH-004-S02,Presentation,2,1,yellowish,0,0,0,0
ZH-004,ZH-004-S02,Presentation,3,1,tongue,0,0,0,0
ZH-004,ZH-004-S02,Presentation,0,2,examination reveals,0,0,0,0
ZH-004,ZH-004-S02,Presentation,1,2,reveals yellowish,0,0,0,0
ZH-004,ZH-004-S02,Presentation,2,2,yellowish tongue,0,1,0,0
ZH-004,ZH-004-S02,Presentation,0,3,examination reveals yellowish,0,0,0,0
ZH-004,ZH-004-S02,Presentation,1,3,reveals yellowish tongue,0,0,0,0
ZH-004,ZH-004-S02,Presentation,0,4,examination reveals yellowish tongue,0,0,0,0
ZH-004,ZH-004-S03,Presentation,0,1,findings,0,0,0,0
ZH-004,ZH-004-S03,Presentation,1,1,include,0,0,0,0
ZH-004,ZH-004-S03,Presentation,2,1,shaking,0,0,0,0
ZH-004,ZH-004-S03,Presentation,3,1,of,0,0,0,0
ZH-004,ZH-004-S03,Presentation,4,1,the,0,0,0,0
ZH-004,ZH-004-S03,Presentation,5,1,pinky,0,0,0,0
ZH-004,ZH-004-S03,Presentation,6,1,finger,0,0,0,0
ZH-004,ZH-004-S03,Presentation,0,2,findings include,0,0,0,0
ZH-004,ZH-004-S03,Presentation,1,2,include shaking,0,0,0,0
ZH-004,ZH-004-S03,Presentation,2,2,shaking of,0,0,0,0
ZH-004,ZH-004-S03,Presentation,3,2,of the,0,0,0,0
ZH-004,ZH-004-S03,Presentation,4,2,the pinky,0,0,0,0
ZH-004,ZH-004-S03,Presentation,5,2,pinky finger,0,0,0,0
ZH-004,ZH-004-S03,Presentation,0,3,findings include shaking,0,0,0,0
ZH-004,ZH-004-S03,Presentation,1,3,include shaking of,0,0,0,0
ZH-004,ZH-004-S03,Presentation,2,3,shaking of the,0,0,0,0
ZH-004,ZH-004-S03,Presentation,3,3,of the pinky,0,0,0,0
ZH-004,ZH-004-S03,Presentation,4,3,the pinky finger,0,0,0,0
ZH-004,ZH-004-S03,Presentation,0,4,findings include shaking of,0,0,0,0
ZH-004,ZH-004-S03,Presentation,1,4,include shaking of the,0,0,0,0
ZH-004,ZH-004-S03,Presentation,2,4,shaking of the pinky,0,0,0,0
ZH-004,ZH-004-S03,Presentation,3,4,of the pinky finger,0,0,0,0
ZH-004,ZH-004-S03,Presentation,0,5,findings include shaking of the,0,0,0,0
ZH-004,ZH-004-S03,Presentation,1,5,include shaking of the pinky,0,0,0,0
ZH-004,ZH-004-S03,Presentation,2,5,shaking of the pinky finger,0,1,0,0
ZH-004,ZH-004-S04,General Examination,0,1,mild,0,0,0,0
ZH-004,ZH-004-S04,General Examination,1,1,anger,0,0,0,0
ZH-004,ZH-004-S04,General Examination,2,1,when,0,0,0,0
ZH-004,ZH-004-S04,General Examination,3,1,hungry,0,0,0,0
ZH-004,ZH-004-S04,General Examination,4,1,which,0,0,0,0
ZH-004,ZH-004-S04,General Examination,5,1,is,0,0,0,0
ZH-004,ZH-004-S04,General Examination,6,1,normal,0,0,0,0
ZH-004,ZH-004-S04,General Examination,0,2,mild anger,0,0,0,0
ZH-004,ZH-004-S04,General Examination,1,2,anger when,0,0,0,0
ZH-004,ZH-004-S04,General Examination,2,2,when hungry,0,0,0,0
ZH-004,ZH-004-S04,General Examination,3,2,hungry which,0,0,0,0
ZH-004,ZH-004-S04,General Examination,4,2,which is,0,0,0,0
ZH-004,ZH-004-S04,General Examination,5,2,is normal,0,0,0,0
ZH-004,ZH-004-S04,General Examination,0,3,mild anger when,0,0,0,0
ZH-004,ZH-004-S04,General Examination,1,3,anger when hungry,0,0,0,0
ZH-004,ZH-004-S04,General Examination,2,3,when hungry which,0,0,0,0
ZH-004,ZH-004-S04,General Examination,3,3,hungry which is,0,0,0,0
ZH-004,ZH-004-S04,General Examination,4,3,which is normal,0,0,0,0
ZH-004,ZH-004-S04,General Examination,0,4,mild anger when hungry,0,0,0,0
ZH-004,ZH-004-S04,General Examination,1,4,anger when hungry which,0,0,0,0
ZH-004,ZH-004-S04,General Examination,2,4,when hungry which is,0,0,0,0
ZH-004,ZH-004-S04,General Examination,3,4,hungry which is normal,0,0,0,0
ZH-004,ZH-004-S04,General Examination,0,5,mild anger when hungry which,0,0,0,0
ZH-004,ZH-004-S04,General Examination,1,5,anger when hungry which is,0,0,0,0
ZH-004,ZH-004-S04,General Examination,2,5,when hungry which is normal,0,0,0,0
ZH-004,ZH-004-S05,General Examination,0,1,stethoscope,0,0,0,0
ZH-004,ZH-004-S05,General Examination,1,1,on,0,0,0,0
ZH-004,ZH-004-S05,General Examination,2,1,the,0,0,0,0
ZH-004,ZH-004-S05,General Examination,3,1,chest,0,0,0,0
ZH-004,ZH-004-S05,General Examination,4,1,detects,0,0,0,0
ZH-004,ZH-004-S05,General Examination,5,1,no,0,0,1,0
ZH-004,ZH-004-S05,General Examination,6,1,heartbeat,0,0,0,1
ZH-004,ZH-004-S05,General Examination,7,1,as,0,0,0,1
ZH-004,ZH-004-S05,General Examination,8,1,expected,0,0,0,1
ZH-004,ZH-004-S05,General Examination,0,2,stethoscope on,0,0,0,0
ZH-004,ZH-004-S05,General Examination,1,2,on the,0,0,0,0
ZH-004,ZH-004-S05,General Examination,2,2,the chest,0,0,0,0
ZH-004,ZH-004-S05,General Examination,3,2,chest detects,0,0,0,0
ZH-004,ZH-004-S05,General Examination,4,2,detects no,0,0,0,0
ZH-004,ZH-004-S05,General Examination,5,2,no heartbeat,0,0,0,0
ZH-004,ZH-004-S05,General Examination,6,2,heartbeat as,0,0,0,1
ZH-004,ZH-004-S05,General Examination,7,2,as expected,0,0,0,1
ZH-004,ZH-004-S05,General Examination,0,3,stethoscope on the,0,0,0,0
ZH-004,ZH-004-S05,General Examination,1,3,on the chest,0,0,0,0
ZH-004,ZH-004-S05,General Examination,2,3,the chest detects,0,0,0,0
ZH-004,ZH-004-S05,General Examination,3,3,chest detects no,0,0,0,0
ZH-004,ZH-004-S05,General Examination,4,3,detects no heartbeat,0,0,0,0
ZH-004,ZH-004-S05,General Examination,5,3,no heartbeat as,0,0,0,0
ZH-004,ZH-004-S05,General Examination,6,3,heartbeat as expected,0,0,0,1
ZH-004,ZH-004-S05,General Examination,0,4,stethoscope on the chest,0,0,0,0
ZH-004,ZH-004-S05,General Examination,1,4,on the chest detects,0,0,0,0
ZH-004,ZH-004-S05,General Examination,2,4,the chest detects no,0,0,0,0
ZH-004,ZH-004-S05,General Examination,3,4,chest detects no heartbeat,0,0,0,0
ZH-004,ZH-004-S05,General Examination,4,4,detects no heartbeat as,0,0,0,0
ZH-004,ZH-004-S05,General Examination,5,4,no heartbeat as expected,0,0,0,0
ZH-004,ZH-004-S05,General Examination,0,5,stethoscope on the chest detects,0,0,0,0
ZH-004,ZH-004-S05,General Examination,1,5,on the chest detects no,0,0,0,0
ZH-004,ZH-004-S05,General Examination,2,5,the chest detects no heartbeat,0,0,0,0
ZH-004,ZH-004-S05,General Examination,3,5,chest detects no heartbeat as,0,0,0,0
ZH-004,ZH-004-S05,General Examination,4,5,detects no heartbeat as expected,0,0,0,0
ZH-004,ZH-004-S06,Negative Findings,0,1,no,0,0,1,0
ZH-004,ZH-004-S06,Negative Findings,1,1,signs,0,0,0,1
ZH-004,ZH-004-S06,Negative Findings,2,1,of,0,0,0,1
ZH-004,ZH-004-S06,Negative Findings,3,1,thoracic,0,0,0,1
ZH-004,ZH-004-S06,Negative Findings,4,1,discomfort,0,0,0,1
ZH-004,ZH-004-S06,Negative Findings,0,2,no signs,0,0,0,0
ZH-004,ZH-004-S06,Negative Findings,1,2,signs of,0,0,0,1
ZH-004,ZH-004-S06,Negative Findings,2,2,of thoracic,0,0,0,1
ZH-004,ZH-004-S06,Negative Findings,3,2,thoracic discomfort,0,1,0,1
ZH-004,ZH-004-S06,Negative Findings,0,3,no signs of,0,0,0,0
ZH-004,ZH-004-S06,Negative Findings,1,3,signs of thoracic,0,0,0,1
ZH-004,ZH-004-S06,Negative Findings,2,3,of thoracic discomfort,0,0,0,1
ZH-004,ZH-004-S06,Negative Findings,0,4,no signs of thoracic,0,0,0,0
ZH-004,ZH-004-S06,Negative Findings,1,4,signs of thoracic discomfort,0,0,0,1
ZH-004,ZH-004-S06,Negative Findings,0,5,no signs of thoracic discomfort,0,0,0,0
ZH-004,ZH-004-S07,Negative Findings,0,1,the,0,0,0,0
ZH-004,ZH-004-S07,Negative Findings,1,1,patient,0,0,0,0
ZH-004,ZH-004-S07,Negative Findings,2,1,denies,0,0,1,0
ZH-004,ZH-004-S07,Negative Findings,3,1,paralysis,0,1,0,1
ZH-004,ZH-004-S07,Negative Findings,0,2,the patient,0,0,0,0
ZH-004,ZH-004-S07,Negative Findings,1,2,patient denies,0,0,0,0
ZH-004,ZH-004-S07,Negative Findings,2,2,denies paralysis,0,0,0,0
ZH-004,ZH-004-S07,Negative Findings,0,3,the patient denies,0,0,0,0
ZH-004,ZH-004-S07,Negative Findings,1,3,patient denies paralysis,0,0,0,0
ZH-004,ZH-004-S07,Negative Findings,0,4,the patient denies paralysis,0,0,0,0
ZH-004,ZH-004-S08,Laboratory Analysis,0,1,blood,0,0,0,0
ZH-004,ZH-004-S08,Laboratory Analysis,1,1,analysis,0,0,0,0
ZH-004,ZH-004-S08,Laboratory Analysis,2,1,returned,0,0,0,0
ZH-004,ZH-004-S08,Laboratory Analysis,3,1,no,0,0,1,0
ZH-004,ZH-004-S08,Laboratory Analysis,4,1,relevant,0,0,0,1
ZH-004,ZH-004-S08,Laboratory Analysis,5,1,findings,0,0,0,1
ZH-004,ZH-004-S08,Laboratory Analysis,0,2,blood analysis,0,0,0,0
ZH-004,ZH-004-S08,Laboratory Analysis,1,2,analysis returned,0,0,0,0
ZH-004,ZH-004-S08,Laboratory Analysis,2,2,returned no,0,0,0,0
ZH-004,ZH-004-S08,Laboratory Analysis,3,2,no relevant,0,0,0,0
ZH-004,ZH-004-S08,Laboratory Analysis,4,2,relevant findings,0,0,0,1
ZH-004,ZH-004-S08,Laboratory Analysis,0,3,blood analysis returned,0,0,0,0
ZH-004,ZH-004-S08,Laboratory Analysis,1,3,analysis returned no,0,0,0,0
ZH-004,ZH-004-S08,Laboratory Analysis,2,3,returned no relevant,0,0,0,0
ZH-004,ZH-004-S08,Laboratory Analysis,3,3,no relevant findings,0,0,0,0
ZH-004,ZH-004-S08,Laboratory Analysis,0,4,blood analysis returned no,0,0,0,0
ZH-004,ZH-004-S08,Laboratory Analysis,1,4,analysis returned no relevant,0,0,0,0
ZH-004,ZH-004-S08,Laboratory Analysis,2,4,returned no relevant findings,0,0,0,0
ZH-004,ZH-004-S08,Laboratory Analysis,0,5,blood analysis returned no relevant,0,0,0,0
ZH-004,ZH-004-S08,Laboratory Analysis,1,5,analysis returned no relevant findings,0,0,0,0
ZH-004,ZH-004-S09,Clinical History,0,1,the,0,0,0,0
ZH-004,ZH-004-S09,Clinical History,1,1,patient,0,0,0,0
ZH-004,ZH-004-S09,Clinical History,2,1,has,0,0,0,0
ZH-004,ZH-004-S09,Clinical History,3,1,a,0,0,0,0
ZH-004,ZH-004-S09,Clinical History,4,1,history,0,0,0,0
ZH-004,ZH-004-S09,Clinical History,5,1,of,0,0,0,0
ZH-004,ZH-004-S09,Clinical History,6,1,infection,0,0,0,0
ZH-004,ZH-004-S09,Clinical History,7,1,of,0,0,0,0
ZH-004,ZH-004-S09,Clinical History,8,1,bacterial,0,0,0,0
ZH-004,ZH-004-S09,Clinical History,9,1,origin,0,0,0,0
ZH-004,ZH-004-S09,Clinical History,0,2,the patient,0,0,0,0
ZH-004,ZH-004-S09,Clinical History,1,2,patient has,0,0,0,0
ZH-004,ZH-004-S09,Clinical History,2,2,has a,0,0,0,0
ZH-004,ZH-004-S09,Clinical History,3,2,a history,0,0,0,0
ZH-004,ZH-004-S09,Clinical History,4,2,history of,0,0,0,0
ZH-004,ZH-004-S09,Clinical History,5,2,of infection,0,0,0,0
ZH-004,ZH-004-S09,Clinical History,6,2,infection of,0,0,0,0
ZH-004,ZH-004-S09,Clinical History,7,2,of bacterial,0,0,0,0
ZH-004,ZH-004-S09,Clinical History,8,2,bacterial origin,0,0,0,0
ZH-004,ZH-004-S09,Clinical History,0,3,the patient has,0,0,0,0
ZH-004,ZH-004-S09,Clinical History,1,3,patient has a,0,0,0,0
ZH-004,ZH-004-S09,Clinical History,2,3,has a history,0,0,0,0
ZH-004,ZH-004-S09,Clinical History,3,3,a history of,0,0,0,0
ZH-004,ZH-004-S09,Clinical History,4,3,history of infection,0,0,0,0
ZH-004,ZH-004-S09,Clinical History,5,3,of infection of,0,0,0,0
ZH-004,ZH-004-S09,Clinical History,6,3,infection of bacterial,0,0,0,0
ZH-004,ZH-004-S09,Clinical History,7,3,of bacterial origin,0,0,0,0
ZH-004,ZH-004-S09,Clinical History,0,4,the patient has a,0,0,0,0
ZH-004,ZH-004-S09,Clinical History,1,4,patient has a history,0,0,0,0
ZH-004,ZH-004-S09,Clinical History,2,4,has a history of,0,0,0,0
ZH-004,ZH-004-S09,Clinical History,3,4,a history of infection,0,0,0,0
ZH-004,ZH-004-S09,Clinical History,4,4,history of infection of,0,0,0,0
ZH-004,ZH-004-S09,Clinical History,5,4,of infection of bacterial,0,0,0,0
ZH-004,ZH-004-S09,Clinical History,6,4,infection of bacterial origin,1,0,0,0
ZH-004,ZH-004-S09,Clinical History,0,5,the patient has a history,0,0,0,0
ZH-004,ZH-004-S09,Clinical History,1,5,patient has a history of,0,0,0,0
ZH-004,ZH-004-S09,Clinical History,2,5,has a history of infection,0,0,0,0
ZH-004,ZH-004-S09,Clinical History,3,5,a history of infection of,0,0,0,0
ZH-004,ZH-004-S09,Clinical History,4,5,history of infection of bacterial,0,0,0,0
ZH-004,ZH-004-S09,Clinical History,5,5,of infection of bacterial origin,0,0,0,0
ZH-004,ZH-004-S10,Social History,0,1,the,0,0,0,0
ZH-004,ZH-004-S10,Social History,1,1,patient,0,0,0,0
ZH-004,ZH-004-S10,Social History,2,1,watched,0,0,0,0
ZH-004,ZH-004-S10,Social History,3,1,a,0,0,0,0
ZH-004,ZH-004-S10,Social History,4,1,pillow,0,0,0,0
ZH-004,ZH-004-S10,Social History,5,1,fight,0,0,0,0
ZH-004,ZH-004-S10,Social History,6,1,in,0,0,0,0
ZH-004,ZH-004-S10,Social History,7,1,the,0,0,0,0
ZH-004,ZH-004-S10,Social History,8,1,waiting,0,0,0,0
ZH-004,ZH-004-S10,Social History,9,1,room,0,0,0,0
ZH-004,ZH-004-S10,Social History,0,2,the patient,0,0,0,0
ZH-004,ZH-004-S10,Social History,1,2,patient watched,0,0,0,0
ZH-004,ZH-004-S10,Social History,2,2,watched a,0,0,0,0
ZH-004,ZH-004-S10,Social History,3,2,a pillow,0,0,0,0
ZH-004,ZH-004-S10,Social History,4,2,pillow fight,0,0,0,0
ZH-004,ZH-004-S10,Social History,5,2,fight in,0,0,0,0
ZH-004,ZH-004-S10,Social History,6,2,in the,0,0,0,0
ZH-004,ZH-004-S10,Social History,7,2,the waiting,0,0,0,0
ZH-004,ZH-004-S10,Social History,8,2,waiting room,0,0,0,0
ZH-004,ZH-004-S10,Social History,0,3,the patient watched,0,0,0,0
ZH-004,ZH-004-S10,Social History,1,3,patient watched a,0,0,0,0
ZH-004,ZH-004-S10,Social History,2,3,watched a pillow,0,0,0,0
ZH-004,ZH-004-S10,Social History,3,3,a pillow fight,0,0,0,0
ZH-004,ZH-004-S10,Social History,4,3,pillow fight in,0,0,0,0
ZH-004,ZH-004-S10,Social History,5,3,fight in the,0,0,0,0
ZH-004,ZH-004-S10,Social History,6,3,in the waiting,0,0,0,0
ZH-004,ZH-004-S10,Social History,7,3,the waiting room,0,0,0,0
ZH-004,ZH-004-S10,Social History,0,4,the patient watched a,0,0,0,0
ZH-004,ZH-004-S10,Social History,1,4,patient watched a pillow,0,0,0,0
ZH-004,ZH-004-S10,Social History,2,4,watched a pillow fight,0,0,0,0
ZH-004,ZH-004-S10,Social History,3,4,a pillow fight in,0,0,0,0
ZH-004,ZH-004-S10,Social History,4,4,pillow fight in the,0,0,0,0
ZH-004,ZH-004-S10,Social History,5,4,fight in the waiting,0,0,0,0
ZH-004,ZH-004-S10,Social History,6,4,in the waiting room,0,0,0,0
ZH-004,ZH-004-S10,Social History,0,5,the patient watched a pillow,0,0,0,0
ZH-004,ZH-004-S10,Social History,1,5,patient watched a pillow fight,0,0,0,0
ZH-004,ZH-004-S10,Social History,2,5,watched a pillow fight in,0,0,0,0
ZH-004,ZH-004-S10,Social History,3,5,a pillow fight in the,0,0,0,0
ZH-004,ZH-004-S10,Social History,4,5,pillow fight in the waiting,0,0,0,0
ZH-004,ZH-004-S10,Social History,5,5,fight in the waiting room,0,0,0,0
ZH-004,ZH-004-S11,Social History,0,1,the,0,0,0,0
ZH-004,ZH-004-S11,Social History,1,1,caretaker,0,0,0,0
ZH-004,ZH-004-S11,Social History,2,1,has,0,0,0,0
ZH-004,ZH-004-S11,Social History,3,1,a,0,0,0,0
ZH-004,ZH-004-S11,Social History,4,1,sharp,0,0,0,0
ZH-004,ZH-004-S11,Social History,5,1,tongue,0,0,0,0
ZH-004,ZH-004-S11,Social History,0,2,the caretaker,0,0,0,0
ZH-004,ZH-004-S11,Social History,1,2,caretaker has,0,0,0,0
ZH-004,ZH-004-S11,Social History,2,2,has a,0,0,0,0
ZH-004,ZH-004-S11,Social History,3,2,a sharp,0,0,0,0
ZH-004,ZH-004-S11,Social History,4,2,sharp tongue,0,0,0,0
ZH-004,ZH-004-S11,Social History,0,3,the caretaker has,0,0,0,0
ZH-004,ZH-004-S11,Social History,1,3,caretaker has a,0,0,0,0
ZH-004,ZH-004-S11,Social History,2,3,has a sharp,0,0,0,0
ZH-004,ZH-004-S11,Social History,3,3,a sharp tongue,0,0,0,0
ZH-004,ZH-004-S11,Social History,0,4,the caretaker has a,0,0,0,0
ZH-004,ZH-004-S11,Social History,1,4,caretaker has a sharp,0,0,0,0
ZH-004,ZH-004-S11,Social History,2,4,has a sharp tongue,0,0,0,0
ZH-004,ZH-004-S11,Social History,0,5,the caretaker has a sharp,0,0,0,0
ZH-004,ZH-004-S11,Social History,1,5,caretaker has a sharp tongue,0,0,0,0
ZH-004,ZH-004-S12,Assessment,0,1,the,0,0,0,0
ZH-004,ZH-004-S12,Assessment,1,1,patient,0,0,0,0
ZH-004,ZH-004-S12,Assessment,2,1,was,0,0,0,0
ZH-004,ZH-004-S12,Assessment,3,1,diagnosed,0,0,0,0
ZH-004,ZH-004-S12,Assessment,4,1,with,0,0,0,0
ZH-004,ZH-004-S12,Assessment,5,1,bite,0,0,0,0
ZH-004,ZH-004-S12,Assessment,6,1,deficit,0,0,0,0
ZH-004,ZH-004-S12,Assessment,0,2,the patient,0,0,0,0
ZH-004,ZH-004-S12,Assessment,1,2,patient was,0,0,0,0
ZH-004,ZH-004-S12,Assessment,2,2,was diagnosed,0,0,0,0
ZH-004,ZH-004-S12,Assessment,3,2,diagnosed with,0,0,0,0
ZH-004,ZH-004-S12,Assessment,4,2,with bite,0,0,0,0
ZH-004,ZH-004-S12,Assessment,5,2,bite deficit,1,0,0,0
ZH-004,ZH-004-S12,Assessment,0,3,the patient was,0,0,0,0
ZH-004,ZH-004-S12,Assessment,1,3,patient was diagnosed,0,0,0,0
ZH-004,ZH-004-S12,Assessment,2,3,was diagnosed with,0,0,0,0
ZH-004,ZH-004-S12,Assessment,3,3,diagnosed with bite,0,0,0,0
ZH-004,ZH-004-S12,Assessment,4,3,with bite deficit,0,0,0,0
ZH-004,ZH-004-S12,Assessment,0,4,the patient was diagnosed,0,0,0,0
ZH-004,ZH-004-S12,Assessment,1,4,patient was diagnosed with,0,0,0,0
ZH-004,ZH-004-S12,Assessment,2,4,was diagnosed with bite,0,0,0,0
ZH-004,ZH-004-S12,Assessment,3,4,diagnosed with bite deficit,0,0,0,0
ZH-004,ZH-004-S12,Assessment,0,5,the patient was diagnosed with,0,0,0,0
ZH-004,ZH-004-S12,Assessment,1,5,patient was diagnosed with bite,0,0,0,0
ZH-004,ZH-004-S12,Assessment,2,5,was diagnosed with bite deficit,0,0,0,0
ZH-004,ZH-004-S13,Assessment,0,1,no,0,0,1,0
ZH-004,ZH-004-S13,Assessment,1,1,evidence,0,0,0,1
ZH-004,ZH-004-S13,Assessment,2,1,of,0,0,0,1
ZH-004,ZH-004-S13,Assessment,3,1,altercation,0,0,0,1
ZH-004,ZH-004-S13,Assessment,4,1,injury,0,0,0,1
ZH-004,ZH-004-S13,Assessment,0,2,no evidence,0,0,0,0
ZH-004,ZH-004-S13,Assessment,1,2,evidence of,0,0,0,1
ZH-004,ZH-004-S13,Assessment,2,2,of altercation,0,0,0,1
ZH-004,ZH-004-S13,Assessment,3,2,altercation injury,1,0,0,1
ZH-004,ZH-004-S13,Assessment,0,3,no evidence of,0,0,0,0
ZH-004,ZH-004-S13,Assessment,1,3,evidence of altercation,0,0,0,1
ZH-004,ZH-004-S13,Assessment,2,3,of altercation injury,0,0,0,1
ZH-004,ZH-004-S13,Assessment,0,4,no evidence of altercation,0,0,0,0
ZH-004,ZH-004-S13,Assessment,1,4,evidence of altercation injury,0,0,0,1
ZH-004,ZH-004-S13,Assessment,0,5,no evidence of altercation injury,0,0,0,0
ZH-005,ZH-005-S01,Presentation,0,1,findings,0,0,0,0
ZH-005,ZH-005-S01,Presentation,1,1,include,0,0,0,0
ZH-005,ZH-005-S01,Presentation,2,1,pain,0,0,0,0
ZH-005,ZH-005-S01,Presentation,3,1,in,0,0,0,0
ZH-005,ZH-005-S01,Presentation,4,1,the,0,0,0,0
ZH-005,ZH-005-S01,Presentation,5,1,chest,0,0,0,0
ZH-005,ZH-005-S01,Presentation,0,2,findings include,0,0,0,0
ZH-005,ZH-005-S01,Presentation,1,2,include pain,0,0,0,0
ZH-005,ZH-005-S01,Presentation,2,2,pain in,0,0,0,0
ZH-005,ZH-005-S01,Presentation,3,2,in the,0,0,0,0
ZH-005,ZH-005-S01,Presentation,4,2,the chest,0,0,0,0
ZH-005,ZH-005-S01,Presentation,0,3,findings include pain,0,0,0,0
ZH-005,ZH-005-S01,Presentation,1,3,include pain in,0,0,0,0
ZH-005,ZH-005-S01,Presentation,2,3,pain in the,0,0,0,0
ZH-005,ZH-005-S01,Presentation,3,3,in the chest,0,0,0,0
ZH-005,ZH-005-S01,Presentation,0,4,findings include pain in,0,0,0,0
ZH-005,ZH-005-S01,Presentation,1,4,include pain in the,0,0,0,0
ZH-005,ZH-005-S01,Presentation,2,4,pain in the chest,0,1,0,0
ZH-005,ZH-005-S01,Presentation,0,5,findings include pain in the,0,0,0,0
ZH-005,ZH-005-S01,Presentation,1,5,include pain in the chest,0,0,0,0
ZH-005,ZH-005-S02,Presentation,0,1,the,0,0,0,0
ZH-005,ZH-005-S02,Presentation,1,1,patient,0,0,0,0
ZH-005,ZH-005-S02,Presentation,2,1,reports,0,0,0,0
ZH-005,ZH-005-S02,Presentation,3,1,missing,0,0,0,0
ZH-005,ZH-005-S02,Presentation,4,1,limb,0,0,0,0
ZH-005,ZH-005-S02,Presentation,0,2,the patient,0,0,0,0
ZH-005,ZH-005-S02,Presentation,1,2,patient reports,0,0,0,0
ZH-005,ZH-005-S02,Presentation,2,2,reports missing,0,0,0,0
ZH-005,ZH-005-S02,Presentation,3,2,missing limb,0,1,0,0
ZH-005,ZH-005-S02,Presentation,0,3,the patient reports,0,0,0,0
ZH-005,ZH-005-S02,Presentation,1,3,patient reports missing,0,0,0,0
ZH-005,ZH-005-S02,Presentation,2,3,reports missing limb,0,0,0,0
ZH-005,ZH-005-S02,Presentation,0,4,the patient reports missing,0,0,0,0
ZH-005,ZH-005-S02,Presentation,1,4,patient reports missing limb,0,0,0,0
ZH-005,ZH-005-S02,Presentation,0,5,the patient reports missing limb,0,0,0,0
ZH-005,ZH-005-S03,General Examination,0,1,tongue,0,0,0,0
ZH-005,ZH-005-S03,General Examination,1,1,color,0,0,0,0
ZH-005,ZH-005-S03,General Examination,2,1,green,0,0,0,0
ZH-005,ZH-005-S03,General Examination,0,2,tongue color,0,0,0,0
ZH-005,ZH-005-S03,General Examination,1,2,color green,0,0,0,0
ZH-005,ZH-005-S03,General Examination,0,3,tongue color green,0,0,0,0
ZH-005,ZH-005-S04,General Examination,0,1,motor,0,0,0,0
ZH-005,ZH-005-S04,General Examination,1,1,control,0,0,0,0
ZH-005,ZH-005-S04,General Examination,2,1,is,0,0,0,0
ZH-005,ZH-005-S04,General Examination,3,1,preserved,0,0,0,0
ZH-005,ZH-005-S04,General Examination,0,2,motor control,0,0,0,0
ZH-005,ZH-005-S04,General Examination,1,2,control is,0,0,0,0
ZH-005,ZH-005-S04,General Examination,2,2,is preserved,0,0,0,0
ZH-005,ZH-005-S04,General Examination,0,3,motor control is,0,0,0,0
ZH-005,ZH-005-S04,General Examination,1,3,control is preserved,0,0,0,0
ZH-005,ZH-005-S04,General Examination,0,4,motor control is preserved,0,0,0,0
ZH-005,ZH-005-S05,Negative Findings,0,1,absence,0,0,1,0
ZH-005,ZH-005-S05,Negative Findings,1,1,of,0,0,0,1
ZH-005,ZH-005-S05,Negative Findings,2,1,acute,0,0,0,1
ZH-005,ZH-005-S05,Negative Findings,3,1,rage,0,0,0,1
ZH-005,ZH-005-S05,Negative Findings,4,1,attacks,0,0,0,1
ZH-005,ZH-005-S05,Negative Findings,0,2,absence of,0,0,0,0
ZH-005,ZH-005-S05,Negative Findings,1,2,of acute,0,0,0,1
ZH-005,ZH-005-S05,Negative Findings,2,2,acute rage,0,0,0,1
ZH-005,ZH-005-S05,Negative Findings,3,2,rage attacks,0,0,0,1
ZH-005,ZH-005-S05,Negative Findings,0,3,absence of acute,0,0,0,0
ZH-005,ZH-005-S05,Negative Findings,1,3,of acute rage,0,0,0,1
ZH-005,ZH-005-S05,Negative Findings,2,3,acute rage attacks,0,1,0,1
ZH-005,ZH-005-S05,Negative Findings,0,4,absence of acute rage,0,0,0,0
ZH-005,ZH-005-S05,Negative Findings,1,4,of acute rage attacks,0,0,0,1
ZH-005,ZH-005-S05,Negative Findings,0,5,absence of acute rage attacks,0,0,0,0
ZH-005,ZH-005-S06,Negative Findings,0,1,the,0,0,0,0
ZH-005,ZH-005-S06,Negative Findings,1,1,patient,0,0,0,0
ZH-005,ZH-005-S06,Negative Findings,2,1,denies,0,0,1,0
ZH-005,ZH-005-S06,Negative Findings,3,1,yellow,0,0,0,1
ZH-005,ZH-005-S06,Negative Findings,4,1,tinted,0,0,0,1
ZH-005,ZH-005-S06,Negative Findings,5,1,tongue,0,0,0,1
ZH-005,ZH-005-S06,Negative Findings,0,2,the patient,0,0,0,0
ZH-005,ZH-005-S06,Negative Findings,1,2,patient denies,0,0,0,0
ZH-005,ZH-005-S06,Negative Findings,2,2,denies yellow,0,0,0,0
ZH-005,ZH-005-S06,Negative Findings,3,2,yellow tinted,0,0,0,1
ZH-005,ZH-005-S06,Negative Findings,4,2,tinted tongue,0,0,0,1
ZH-005,ZH-005-S06,Negative Findings,0,3,the patient denies,0,0,0,0
ZH-005,ZH-005-S06,Negative Findings,1,3,patient denies yellow,0,0,0,0
ZH-005,ZH-005-S06,Negative Findings,2,3,denies yellow tinted,0,0,0,0
ZH-005,ZH-005-S06,Negative Findings,3,3,yellow tinted tongue,0,1,0,1
ZH-005,ZH-005-S06,Negative Findings,0,4,the patient denies yellow,0,0,0,0
ZH-005,ZH-005-S06,Negative Findings,1,4,patient denies yellow tinted,0,0,0,0
ZH-005,ZH-005-S06,Negative Findings,2,4,denies yellow tinted tongue,0,0,0,0
ZH-005,ZH-005-S06,Negative Findings,0,5,the patient denies yellow tinted,0,0,0,0
ZH-005,ZH-005-S06,Negative Findings,1,5,patient denies yellow tinted tongue,0,0,0,0
ZH-005,ZH-005-S07,Laboratory Analysis,0,1,laboratory,0,0,0,0
ZH-005,ZH-005-S07,Laboratory Analysis,1,1,tests,0,0,0,0
ZH-005,ZH-005-S07,Laboratory Analysis,2,1,isolated,0,0,0,0
ZH-005,ZH-005-S07,Laboratory Analysis,3,1,deltaretrovirus,0,0,0,0
ZH-005,ZH-005-S07,Laboratory Analysis,4,1,zumbi,0,0,0,0
ZH-005,ZH-005-S07,Laboratory Analysis,0,2,laboratory tests,0,0,0,0
ZH-005,ZH-005-S07,Laboratory Analysis,1,2,tests isolated,0,0,0,0
ZH-005,ZH-005-S07,Laboratory Analysis,2,2,isolated deltaretrovirus,0,0,0,0
ZH-005,ZH-005-S07,Laboratory Analysis,3,2,deltaretrovirus zumbi,0,0,0,0
ZH-005,ZH-005-S07,Laboratory Analysis,0,3,laboratory tests isolated,0,0,0,0
ZH-005,ZH-005-S07,Laboratory Analysis,1,3,tests isolated deltaretrovirus,0,0,0,0
ZH-005,ZH-005-S07,Laboratory Analysis,2,3,isolated deltaretrovirus zumbi,0,0,0,0
ZH-005,ZH-005-S07,Laboratory Analysis,0,4,laboratory tests isolated deltaretrovirus,0,0,0,0
ZH-005,ZH-005-S07,Laboratory Analysis,1,4,tests isolated deltaretrovirus zumbi,0,0,0,0
ZH-005,ZH-005-S07,Laboratory Analysis,0,5,laboratory tests isolated deltaretrovirus zumbi,0,0,0,0
ZH-005,ZH-005-S08,Clinical History,0,1,no,0,0,1,0
ZH-005,ZH-005-S08,Clinical History,1,1,previous,0,0,0,1
ZH-005,ZH-005-S08,Clinical History,2,1,diagnosis,0,0,0,1
ZH-005,ZH-005-S08,Clinical History,3,1,was,0,0,0,1
ZH-005,ZH-005-S08,Clinical History,4,1,recorded,0,0,0,1
ZH-005,ZH-005-S08,Clinical History,0,2,no previous,0,0,0,0
ZH-005,ZH-005-S08,Clinical History,1,2,previous diagnosis,0,0,0,1
ZH-005,ZH-005-S08,Clinical History,2,2,diagnosis was,0,0,0,1
ZH-005,ZH-005-S08,Clinical History,3,2,was recorded,0,0,0,1
ZH-005,ZH-005-S08,Clinical History,0,3,no previous diagnosis,0,0,0,0
ZH-005,ZH-005-S08,Clinical History,1,3,previous diagnosis was,0,0,0,1
ZH-005,ZH-005-S08,Clinical History,2,3,diagnosis was recorded,0,0,0,1
ZH-005,ZH-005-S08,Clinical History,0,4,no previous diagnosis was,0,0,0,0
ZH-005,ZH-005-S08,Clinical History,1,4,previous diagnosis was recorded,0,0,0,1
ZH-005,ZH-005-S08,Clinical History,0,5,no previous diagnosis was recorded,0,0,0,0
ZH-005,ZH-005-S09,Social History,0,1,the,0,0,0,0
ZH-005,ZH-005-S09,Social History,1,1,patient,0,0,0,0
ZH-005,ZH-005-S09,Social History,2,1,arrived,0,0,0,0
ZH-005,ZH-005-S09,Social History,3,1,wearing,0,0,0,0
ZH-005,ZH-005-S09,Social History,4,1,a,0,0,0,0
ZH-005,ZH-005-S09,Social History,5,1,yellow,0,0,0,0
ZH-005,ZH-005-S09,Social History,6,1,raincoat,0,0,0,0
ZH-005,ZH-005-S09,Social History,0,2,the patient,0,0,0,0
ZH-005,ZH-005-S09,Social History,1,2,patient arrived,0,0,0,0
ZH-005,ZH-005-S09,Social History,2,2,arrived wearing,0,0,0,0
ZH-005,ZH-005-S09,Social History,3,2,wearing a,0,0,0,0
ZH-005,ZH-005-S09,Social History,4,2,a yellow,0,0,0,0
ZH-005,ZH-005-S09,Social History,5,2,yellow raincoat,0,0,0,0
ZH-005,ZH-005-S09,Social History,0,3,the patient arrived,0,0,0,0
ZH-005,ZH-005-S09,Social History,1,3,patient arrived wearing,0,0,0,0
ZH-005,ZH-005-S09,Social History,2,3,arrived wearing a,0,0,0,0
ZH-005,ZH-005-S09,Social History,3,3,wearing a yellow,0,0,0,0
ZH-005,ZH-005-S09,Social History,4,3,a yellow raincoat,0,0,0,0
ZH-005,ZH-005-S09,Social History,0,4,the patient arrived wearing,0,0,0,0
ZH-005,ZH-005-S09,Social History,1,4,patient arrived wearing a,0,0,0,0
ZH-005,ZH-005-S09,Social History,2,4,arrived wearing a yellow,0,0,0,0
ZH-005,ZH-005-S09,Social History,3,4,wearing a yellow raincoat,0,0,0,0
ZH-005,ZH-005-S09,Social History,0,5,the patient arrived wearing a,0,0,0,0
ZH-005,ZH-005-S09,Social History,1,5,patient arrived wearing a yellow,0,0,0,0
ZH-005,ZH-005-S09,Social History,2,5,arrived wearing a yellow raincoat,0,0,0,0
ZH-005,ZH-005-S10,Social History,0,1,the,0,0,0,0
ZH-005,ZH-005-S10,Social History,1,1,patient,0,0,0,0
ZH-005,ZH-005-S10,Social History,2,1,keeps,0,0,0,0
ZH-005,ZH-005-S10,Social History,3,1,spare,0,0,0,0
ZH-005,ZH-005-S10,Social History,4,1,brains,0,0,0,0
ZH-005,ZH-005-S10,Social History,5,1,in,0,0,0,0
ZH-005,ZH-005-S10,Social History,6,1,a,0,0,0,0
ZH-005,ZH-005-S10,Social History,7,1,wooden,0,0,0,0
ZH-005,ZH-005-S10,Social History,8,1,chest,0,0,0,0
ZH-005,ZH-005-S10,Social History,0,2,the patient,0,0,0,0
ZH-005,ZH-005-S10,Social History,1,2,patient keeps,0,0,0,0
ZH-005,ZH-005-S10,Social History,2,2,keeps spare,0,0,0,0
ZH-005,ZH-005-S10,Social History,3,2,spare brains,0,0,0,0
ZH-005,ZH-005-S10,Social History,4,2,brains in,0,0,0,0
ZH-005,ZH-005-S10,Social History,5,2,in a,0,0,0,0
ZH-005,ZH-005-S10,Social History,6,2,a wooden,0,0,0,0
ZH-005,ZH-005-S10,Social History,7,2,wooden chest,0,0,0,0
ZH-005,ZH-005-S10,Social History,0,3,the patient keeps,0,0,0,0
ZH-005,ZH-005-S10,Social History,1,3,patient keeps spare,0,0,0,0
ZH-005,ZH-005-S10,Social History,2,3,keeps spare brains,0,0,0,0
ZH-005,ZH-005-S10,Social History,3,3,spare brains in,0,0,0,0
ZH-005,ZH-005-S10,Social History,4,3,brains in a,0,0,0,0
ZH-005,ZH-005-S10,Social History,5,3,in a wooden,0,0,0,0
ZH-005,ZH-005-S10,Social History,6,3,a wooden chest,0,0,0,0
ZH-005,ZH-005-S10,Social History,0,4,the patient keeps spare,0,0,0,0
ZH-005,ZH-005-S10,Social History,1,4,patient keeps spare brains,0,0,0,0
ZH-005,ZH-005-S10,Social History,2,4,keeps spare brains in,0,0,0,0
ZH-005,ZH-005-S10,Social History,3,4,spare brains in a,0,0,0,0
ZH-005,ZH-005-S10,Social History,4,4,brains in a wooden,0,0,0,0
ZH-005,ZH-005-S10,Social History,5,4,in a wooden chest,0,0,0,0
ZH-005,ZH-005-S10,Social History,0,5,the patient keeps spare brains,0,0,0,0
ZH-005,ZH-005-S10,Social History,1,5,patient keeps spare brains in,0,0,0,0
ZH-005,ZH-005-S10,Social History,2,5,keeps spare brains in a,0,0,0,0
ZH-005,ZH-005-S10,Social History,3,5,spare brains in a wooden,0,0,0,0
ZH-005,ZH-005-S10,Social History,4,5,brains in a wooden chest,0,0,0,0
ZH-005,ZH-005-S11,Assessment,0,1,findings,0,0,0,0
ZH-005,ZH-005-S11,Assessment,1,1,are,0,0,0,0
ZH-005,ZH-005-S11,Assessment,2,1,consistent,0,0,0,0
ZH-005,ZH-005-S11,Assessment,3,1,with,0,0,0,0
ZH-005,ZH-005-S11,Assessment,4,1,infection,0,0,0,0
ZH-005,ZH-005-S11,Assessment,5,1,of,0,0,0,0
ZH-005,ZH-005-S11,Assessment,6,1,viral,0,0,0,0
ZH-005,ZH-005-S11,Assessment,7,1,origin,0,0,0,0
ZH-005,ZH-005-S11,Assessment,0,2,findings are,0,0,0,0
ZH-005,ZH-005-S11,Assessment,1,2,are consistent,0,0,0,0
ZH-005,ZH-005-S11,Assessment,2,2,consistent with,0,0,0,0
ZH-005,ZH-005-S11,Assessment,3,2,with infection,0,0,0,0
ZH-005,ZH-005-S11,Assessment,4,2,infection of,0,0,0,0
ZH-005,ZH-005-S11,Assessment,5,2,of viral,0,0,0,0
ZH-005,ZH-005-S11,Assessment,6,2,viral origin,0,0,0,0
ZH-005,ZH-005-S11,Assessment,0,3,findings are consistent,0,0,0,0
ZH-005,ZH-005-S11,Assessment,1,3,are consistent with,0,0,0,0
ZH-005,ZH-005-S11,Assessment,2,3,consistent with infection,0,0,0,0
ZH-005,ZH-005-S11,Assessment,3,3,with infection of,0,0,0,0
ZH-005,ZH-005-S11,Assessment,4,3,infection of viral,0,0,0,0
ZH-005,ZH-005-S11,Assessment,5,3,of viral origin,0,0,0,0
ZH-005,ZH-005-S11,Assessment,0,4,findings are consistent with,0,0,0,0
ZH-005,ZH-005-S11,Assessment,1,4,are consistent with infection,0,0,0,0
ZH-005,ZH-005-S11,Assessment,2,4,consistent with infection of,0,0,0,0
ZH-005,ZH-005-S11,Assessment,3,4,with infection of viral,0,0,0,0
ZH-005,ZH-005-S11,Assessment,4,4,infection of viral origin,1,0,0,0
ZH-005,ZH-005-S11,Assessment,0,5,findings are consistent with infection,0,0,0,0
ZH-005,ZH-005-S11,Assessment,1,5,are consistent with infection of,0,0,0,0
ZH-005,ZH-005-S11,Assessment,2,5,consistent with infection of viral,0,0,0,0
ZH-005,ZH-005-S11,Assessment,3,5,with infection of viral origin,0,0,0,0
ZH-005,ZH-005-S12,Assessment,0,1,negative,0,0,1,0
ZH-005,ZH-005-S12,Assessment,1,1,for,0,0,0,1
ZH-005,ZH-005-S12,Assessment,2,1,fight,0,0,0,1
ZH-005,ZH-005-S12,Assessment,3,1,related,0,0,0,1
ZH-005,ZH-005-S12,Assessment,4,1,trauma,0,0,0,1
ZH-005,ZH-005-S12,Assessment,0,2,negative for,0,0,0,0
ZH-005,ZH-005-S12,Assessment,1,2,for fight,0,0,0,1
ZH-005,ZH-005-S12,Assessment,2,2,fight related,0,0,0,1
ZH-005,ZH-005-S12,Assessment,3,2,related trauma,0,0,0,1
ZH-005,ZH-005-S12,Assessment,0,3,negative for fight,0,0,0,0
ZH-005,ZH-005-S12,Assessment,1,3,for fight related,0,0,0,1
ZH-005,ZH-005-S12,Assessment,2,3,fight related trauma,1,0,0,1
ZH-005,ZH-005-S12,Assessment,0,4,negative for fight related,0,0,0,0
ZH-005,ZH-005-S12,Assessment,1,4,for fight related trauma,0,0,0,1
ZH-005,ZH-005-S12,Assessment,0,5,negative for fight related trauma,0,0,0,0
ZH-006,ZH-006-S01,Presentation,0,1,the,0,0,0,0
ZH-006,ZH-006-S01,Presentation,1,1,patient,0,0,0,0
ZH-006,ZH-006-S01,Presentation,2,1,reports,0,0,0,0
ZH-006,ZH-006-S01,Presentation,3,1,limb,0,0,0,0
ZH-006,ZH-006-S01,Presentation,4,1,loss,0,0,0,0
ZH-006,ZH-006-S01,Presentation,0,2,the patient,0,0,0,0
ZH-006,ZH-006-S01,Presentation,1,2,patient reports,0,0,0,0
ZH-006,ZH-006-S01,Presentation,2,2,reports limb,0,0,0,0
ZH-006,ZH-006-S01,Presentation,3,2,limb loss,0,1,0,0
ZH-006,ZH-006-S01,Presentation,0,3,the patient reports,0,0,0,0
ZH-006,ZH-006-S01,Presentation,1,3,patient reports limb,0,0,0,0
ZH-006,ZH-006-S01,Presentation,2,3,reports limb loss,0,0,0,0
ZH-006,ZH-006-S01,Presentation,0,4,the patient reports limb,0,0,0,0
ZH-006,ZH-006-S01,Presentation,1,4,patient reports limb loss,0,0,0,0
ZH-006,ZH-006-S01,Presentation,0,5,the patient reports limb loss,0,0,0,0
ZH-006,ZH-006-S02,Presentation,0,1,the,0,0,0,0
ZH-006,ZH-006-S02,Presentation,1,1,patient,0,0,0,0
ZH-006,ZH-006-S02,Presentation,2,1,presents,0,0,0,0
ZH-006,ZH-006-S02,Presentation,3,1,with,0,0,0,0
ZH-006,ZH-006-S02,Presentation,4,1,intense,0,0,0,0
ZH-006,ZH-006-S02,Presentation,5,1,anger,0,0,0,0
ZH-006,ZH-006-S02,Presentation,6,1,episodes,0,0,0,0
ZH-006,ZH-006-S02,Presentation,0,2,the patient,0,0,0,0
ZH-006,ZH-006-S02,Presentation,1,2,patient presents,0,0,0,0
ZH-006,ZH-006-S02,Presentation,2,2,presents with,0,0,0,0
ZH-006,ZH-006-S02,Presentation,3,2,with intense,0,0,0,0
ZH-006,ZH-006-S02,Presentation,4,2,intense anger,0,0,0,0
ZH-006,ZH-006-S02,Presentation,5,2,anger episodes,0,0,0,0
ZH-006,ZH-006-S02,Presentation,0,3,the patient presents,0,0,0,0
ZH-006,ZH-006-S02,Presentation,1,3,patient presents with,0,0,0,0
ZH-006,ZH-006-S02,Presentation,2,3,presents with intense,0,0,0,0
ZH-006,ZH-006-S02,Presentation,3,3,with intense anger,0,0,0,0
ZH-006,ZH-006-S02,Presentation,4,3,intense anger episodes,0,1,0,0
ZH-006,ZH-006-S02,Presentation,0,4,the patient presents with,0,0,0,0
ZH-006,ZH-006-S02,Presentation,1,4,patient presents with intense,0,0,0,0
ZH-006,ZH-006-S02,Presentation,2,4,presents with intense anger,0,0,0,0
ZH-006,ZH-006-S02,Presentation,3,4,with intense anger episodes,0,0,0,0
ZH-006,ZH-006-S02,Presentation,0,5,the patient presents with intense,0,0,0,0
ZH-006,ZH-006-S02,Presentation,1,5,patient presents with intense anger,0,0,0,0
ZH-006,ZH-006-S02,Presentation,2,5,presents with intense anger episodes,0,0,0,0
ZH-006,ZH-006-S03,General Examination,0,1,the,0,0,0,0
ZH-006,ZH-006-S03,General Examination,1,1,tongue,0,0,0,0
ZH-006,ZH-006-S03,General Examination,2,1,is,0,0,0,0
ZH-006,ZH-006-S03,General Examination,3,1,dry,0,0,0,0
ZH-006,ZH-006-S03,General Examination,4,1,and,0,0,0,0
ZH-006,ZH-006-S03,General Examination,5,1,rough,0,0,0,0
ZH-006,ZH-006-S03,General Examination,6,1,typical,0,0,0,0
ZH-006,ZH-006-S03,General Examination,7,1,of,0,0,0,0
ZH-006,ZH-006-S03,General Examination,8,1,the,0,0,0,0
ZH-006,ZH-006-S03,General Examination,9,1,species,0,0,0,0
ZH-006,ZH-006-S03,General Examination,0,2,the tongue,0,0,0,0
ZH-006,ZH-006-S03,General Examination,1,2,tongue is,0,0,0,0
ZH-006,ZH-006-S03,General Examination,2,2,is dry,0,0,0,0
ZH-006,ZH-006-S03,General Examination,3,2,dry and,0,0,0,0
ZH-006,ZH-006-S03,General Examination,4,2,and rough,0,0,0,0
ZH-006,ZH-006-S03,General Examination,5,2,rough typical,0,0,0,0
ZH-006,ZH-006-S03,General Examination,6,2,typical of,0,0,0,0
ZH-006,ZH-006-S03,General Examination,7,2,of the,0,0,0,0
ZH-006,ZH-006-S03,General Examination,8,2,the species,0,0,0,0
ZH-006,ZH-006-S03,General Examination,0,3,the tongue is,0,0,0,0
ZH-006,ZH-006-S03,General Examination,1,3,tongue is dry,0,0,0,0
ZH-006,ZH-006-S03,General Examination,2,3,is dry and,0,0,0,0
ZH-006,ZH-006-S03,General Examination,3,3,dry and rough,0,0,0,0
ZH-006,ZH-006-S03,General Examination,4,3,and rough typical,0,0,0,0
ZH-006,ZH-006-S03,General Examination,5,3,rough typical of,0,0,0,0
ZH-006,ZH-006-S03,General Examination,6,3,typical of the,0,0,0,0
ZH-006,ZH-006-S03,General Examination,7,3,of the species,0,0,0,0
ZH-006,ZH-006-S03,General Examination,0,4,the tongue is dry,0,0,0,0
ZH-006,ZH-006-S03,General Examination,1,4,tongue is dry and,0,0,0,0
ZH-006,ZH-006-S03,General Examination,2,4,is dry and rough,0,0,0,0
ZH-006,ZH-006-S03,General Examination,3,4,dry and rough typical,0,0,0,0
ZH-006,ZH-006-S03,General Examination,4,4,and rough typical of,0,0,0,0
ZH-006,ZH-006-S03,General Examination,5,4,rough typical of the,0,0,0,0
ZH-006,ZH-006-S03,General Examination,6,4,typical of the species,0,0,0,0
ZH-006,ZH-006-S03,General Examination,0,5,the tongue is dry and,0,0,0,0
ZH-006,ZH-006-S03,General Examination,1,5,tongue is dry and rough,0,0,0,0
ZH-006,ZH-006-S03,General Examination,2,5,is dry and rough typical,0,0,0,0
ZH-006,ZH-006-S03,General Examination,3,5,dry and rough typical of,0,0,0,0
ZH-006,ZH-006-S03,General Examination,4,5,and rough typical of the,0,0,0,0
ZH-006,ZH-006-S03,General Examination,5,5,rough typical of the species,0,0,0,0
ZH-006,ZH-006-S04,Negative Findings,0,1,absence,0,0,1,0
ZH-006,ZH-006-S04,Negative Findings,1,1,of,0,0,0,1
ZH-006,ZH-006-S04,Negative Findings,2,1,shaking,0,0,0,1
ZH-006,ZH-006-S04,Negative Findings,3,1,of,0,0,0,1
ZH-006,ZH-006-S04,Negative Findings,4,1,the,0,0,0,1
ZH-006,ZH-006-S04,Negative Findings,5,1,pinky,0,0,0,1
ZH-006,ZH-006-S04,Negative Findings,6,1,finger,0,0,0,1
ZH-006,ZH-006-S04,Negative Findings,0,2,absence of,0,0,0,0
ZH-006,ZH-006-S04,Negative Findings,1,2,of shaking,0,0,0,1
ZH-006,ZH-006-S04,Negative Findings,2,2,shaking of,0,0,0,1
ZH-006,ZH-006-S04,Negative Findings,3,2,of the,0,0,0,1
ZH-006,ZH-006-S04,Negative Findings,4,2,the pinky,0,0,0,1
ZH-006,ZH-006-S04,Negative Findings,5,2,pinky finger,0,0,0,1
ZH-006,ZH-006-S04,Negative Findings,0,3,absence of shaking,0,0,0,0
ZH-006,ZH-006-S04,Negative Findings,1,3,of shaking of,0,0,0,1
ZH-006,ZH-006-S04,Negative Findings,2,3,shaking of the,0,0,0,1
ZH-006,ZH-006-S04,Negative Findings,3,3,of the pinky,0,0,0,1
ZH-006,ZH-006-S04,Negative Findings,4,3,the pinky finger,0,0,0,1
ZH-006,ZH-006-S04,Negative Findings,0,4,absence of shaking of,0,0,0,0
ZH-006,ZH-006-S04,Negative Findings,1,4,of shaking of the,0,0,0,1
ZH-006,ZH-006-S04,Negative Findings,2,4,shaking of the pinky,0,0,0,1
ZH-006,ZH-006-S04,Negative Findings,3,4,of the pinky finger,0,0,0,1
ZH-006,ZH-006-S04,Negative Findings,0,5,absence of shaking of the,0,0,0,0
ZH-006,ZH-006-S04,Negative Findings,1,5,of shaking of the pinky,0,0,0,1
ZH-006,ZH-006-S04,Negative Findings,2,5,shaking of the pinky finger,0,1,0,1
ZH-006,ZH-006-S05,Laboratory Analysis,0,1,blood,0,0,0,0
ZH-006,ZH-006-S05,Laboratory Analysis,1,1,analysis,0,0,0,0
ZH-006,ZH-006-S05,Laboratory Analysis,2,1,returned,0,0,0,0
ZH-006,ZH-006-S05,Laboratory Analysis,3,1,no,0,0,1,0
ZH-006,ZH-006-S05,Laboratory Analysis,4,1,relevant,0,0,0,1
ZH-006,ZH-006-S05,Laboratory Analysis,5,1,findings,0,0,0,1
ZH-006,ZH-006-S05,Laboratory Analysis,0,2,blood analysis,0,0,0,0
ZH-006,ZH-006-S05,Laboratory Analysis,1,2,analysis returned,0,0,0,0
ZH-006,ZH-006-S05,Laboratory Analysis,2,2,returned no,0,0,0,0
ZH-006,ZH-006-S05,Laboratory Analysis,3,2,no relevant,0,0,0,0
ZH-006,ZH-006-S05,Laboratory Analysis,4,2,relevant findings,0,0,0,1
ZH-006,ZH-006-S05,Laboratory Analysis,0,3,blood analysis returned,0,0,0,0
ZH-006,ZH-006-S05,Laboratory Analysis,1,3,analysis returned no,0,0,0,0
ZH-006,ZH-006-S05,Laboratory Analysis,2,3,returned no relevant,0,0,0,0
ZH-006,ZH-006-S05,Laboratory Analysis,3,3,no relevant findings,0,0,0,0
ZH-006,ZH-006-S05,Laboratory Analysis,0,4,blood analysis returned no,0,0,0,0
ZH-006,ZH-006-S05,Laboratory Analysis,1,4,analysis returned no relevant,0,0,0,0
ZH-006,ZH-006-S05,Laboratory Analysis,2,4,returned no relevant findings,0,0,0,0
ZH-006,ZH-006-S05,Laboratory Analysis,0,5,blood analysis returned no relevant,0,0,0,0
ZH-006,ZH-006-S05,Laboratory Analysis,1,5,analysis returned no relevant findings,0,0,0,0
ZH-006,ZH-006-S06,Clinical History,0,1,no,0,0,1,0
ZH-006,ZH-006-S06,Clinical History,1,1,previous,0,0,0,1
ZH-006,ZH-006-S06,Clinical History,2,1,diagnosis,0,0,0,1
ZH-006,ZH-006-S06,Clinical History,3,1,was,0,0,0,1
ZH-006,ZH-006-S06,Clinical History,4,1,recorded,0,0,0,1
ZH-006,ZH-006-S06,Clinical History,0,2,no previous,0,0,0,0
ZH-006,ZH-006-S06,Clinical History,1,2,previous diagnosis,0,0,0,1
ZH-006,ZH-006-S06,Clinical History,2,2,diagnosis was,0,0,0,1
ZH-006,ZH-006-S06,Clinical History,3,2,was recorded,0,0,0,1
ZH-006,ZH-006-S06,Clinical History,0,3,no previous diagnosis,0,0,0,0
ZH-006,ZH-006-S06,Clinical History,1,3,previous diagnosis was,0,0,0,1
ZH-006,ZH-006-S06,Clinical History,2,3,diagnosis was recorded,0,0,0,1
ZH-006,ZH-006-S06,Clinical History,0,4,no previous diagnosis was,0,0,0,0
ZH-006,ZH-006-S06,Clinical History,1,4,previous diagnosis was recorded,0,0,0,1
ZH-006,ZH-006-S06,Clinical History,0,5,no previous diagnosis was recorded,0,0,0,0
ZH-006,ZH-006-S07,Social History,0,1,the,0,0,0,0
ZH-006,ZH-006-S07,Social History,1,1,patient,0,0,0,0
ZH-006,ZH-006-S07,Social History,2,1,sticks,0,0,0,0
ZH-006,ZH-006-S07,Social History,3,1,out,0,0,0,0
ZH-006,ZH-006-S07,Social History,4,1,the,0,0,0,0
ZH-006,ZH-006-S07,Social History,5,1,tongue,0,0,0,0
ZH-006,ZH-006-S07,Social History,6,1,at,0,0,0,0
ZH-006,ZH-006-S07,Social History,7,1,the,0,0,0,0
ZH-006,ZH-006-S07,Social History,8,1,nurses,0,0,0,0
ZH-006,ZH-006-S07,Social History,0,2,the patient,0,0,0,0
ZH-006,ZH-006-S07,Social History,1,2,patient sticks,0,0,0,0
ZH-006,ZH-006-S07,Social History,2,2,sticks out,0,0,0,0
ZH-006,ZH-006-S07,Social History,3,2,out the,0,0,0,0
ZH-006,ZH-006-S07,Social History,4,2,the tongue,0,0,0,0
ZH-006,ZH-006-S07,Social History,5,2,tongue at,0,0,0,0
ZH-006,ZH-006-S07,Social History,6,2,at the,0,0,0,0
ZH-006,ZH-006-S07,Social History,7,2,the nurses,0,0,0,0
ZH-006,ZH-006-S07,Social History,0,3,the patient sticks,0,0,0,0
ZH-006,ZH-006-S07,Social History,1,3,patient sticks out,0,0,0,0
ZH-006,ZH-006-S07,Social History,2,3,sticks out the,0,0,0,0
ZH-006,ZH-006-S07,Social History,3,3,out the tongue,0,0,0,0
ZH-006,ZH-006-S07,Social History,4,3,the tongue at,0,0,0,0
ZH-006,ZH-006-S07,Social History,5,3,tongue at the,0,0,0,0
ZH-006,ZH-006-S07,Social History,6,3,at the nurses,0,0,0,0
ZH-006,ZH-006-S07,Social History,0,4,the patient sticks out,0,0,0,0
ZH-006,ZH-006-S07,Social History,1,4,patient sticks out the,0,0,0,0
ZH-006,ZH-006-S07,Social History,2,4,sticks out the tongue,0,0,0,0
ZH-006,ZH-006-S07,Social History,3,4,out the tongue at,0,0,0,0
ZH-006,ZH-006-S07,Social History,4,4,the tongue at the,0,0,0,0
ZH-006,ZH-006-S07,Social History,5,4,tongue at the nurses,0,0,0,0
ZH-006,ZH-006-S07,Social History,0,5,the patient sticks out the,0,0,0,0
ZH-006,ZH-006-S07,Social History,1,5,patient sticks out the tongue,0,0,0,0
ZH-006,ZH-006-S07,Social History,2,5,sticks out the tongue at,0,0,0,0
ZH-006,ZH-006-S07,Social History,3,5,out the tongue at the,0,0,0,0
ZH-006,ZH-006-S07,Social History,4,5,the tongue at the nurses,0,0,0,0
ZH-006,ZH-006-S08,Social History,0,1,the,0,0,0,0
ZH-006,ZH-006-S08,Social History,1,1,patient,0,0,0,0
ZH-006,ZH-006-S08,Social History,2,1,is,0,0,0,0
ZH-006,ZH-006-S08,Social History,3,1,a,0,0,0,0
ZH-006,ZH-006-S08,Social History,4,1,member,0,0,0,0
ZH-006,ZH-006-S08,Social History,5,1,of,0,0,0,0
ZH-006,ZH-006-S08,Social History,6,1,the,0,0,0,0
ZH-006,ZH-006-S08,Social History,7,1,downtown,0,0,0,0
ZH-006,ZH-006-S08,Social History,8,1,horde,0,0,0,0
ZH-006,ZH-006-S08,Social History,0,2,the patient,0,0,0,0
ZH-006,ZH-006-S08,Social History,1,2,patient is,0,0,0,0
ZH-006,ZH-006-S08,Social History,2,2,is a,0,0,0,0
ZH-006,ZH-006-S08,Social History,3,2,a member,0,0,0,0
ZH-006,ZH-006-S08,Social History,4,2,member of,0,0,0,0
ZH-006,ZH-006-S08,Social History,5,2,of the,0,0,0,0
ZH-006,ZH-006-S08,Social History,6,2,the downtown,0,0,0,0
ZH-006,ZH-006-S08,Social History,7,2,downtown horde,0,0,0,0
ZH-006,ZH-006-S08,Social History,0,3,the patient is,0,0,0,0
ZH-006,ZH-006-S08,Social History,1,3,patient is a,0,0,0,0
ZH-006,ZH-006-S08,Social History,2,3,is a member,0,0,0,0
ZH-006,ZH-006-S08,Social History,3,3,a member of,0,0,0,0
ZH-006,ZH-006-S08,Social History,4,3,member of the,0,0,0,0
ZH-006,ZH-006-S08,Social History,5,3,of the downtown,0,0,0,0
ZH-006,ZH-006-S08,Social History,6,3,the downtown horde,0,0,0,0
ZH-006,ZH-006-S08,Social History,0,4,the patient is a,0,0,0,0
ZH-006,ZH-006-S08,Social History,1,4,patient is a member,0,0,0,0
ZH-006,ZH-006-S08,Social History,2,4,is a member of,0,0,0,0
ZH-006,ZH-006-S08,Social History,3,4,a member of the,0,0,0,0
ZH-006,ZH-006-S08,Social History,4,4,member of the downtown,0,0,0,0
ZH-006,ZH-006-S08,Social History,5,4,of the downtown horde,0,0,0,0
ZH-006,ZH-006-S08,Social History,0,5,the patient is a member,0,0,0,0
ZH-006,ZH-006-S08,Social History,1,5,patient is a member of,0,0,0,0
ZH-006,ZH-006-S08,Social History,2,5,is a member of the,0,0,0,0
ZH-006,ZH-006-S08,Social History,3,5,a member of the downtown,0,0,0,0
ZH-006,ZH-006-S08,Social History,4,5,member of the downtown horde,0,0,0,0
ZH-006,ZH-006-S09,Assessment,0,1,diagnosis,0,0,0,0
ZH-006,ZH-006-S09,Assessment,1,1,fight,0,0,0,0
ZH-006,ZH-006-S09,Assessment,2,1,injury,0,0,0,0
ZH-006,ZH-006-S09,Assessment,0,2,diagnosis fight,0,0,0,0
ZH-006,ZH-006-S09,Assessment,1,2,fight injury,1,0,0,0
ZH-006,ZH-006-S09,Assessment,0,3,diagnosis fight injury,0,0,0,0
ZH-006,ZH-006-S10,Assessment,0,1,no,0,0,1,0
ZH-006,ZH-006-S10,Assessment,1,1,evidence,0,0,0,1
ZH-006,ZH-006-S10,Assessment,2,1,of,0,0,0,1
ZH-006,ZH-006-S10,Assessment,3,1,deficit,0,0,0,1
ZH-006,ZH-006-S10,Assessment,4,1,caused,0,0,0,1
ZH-006,ZH-006-S10,Assessment,5,1,by,0,0,0,1
ZH-006,ZH-006-S10,Assessment,6,1,bite,0,0,0,1
ZH-006,ZH-006-S10,Assessment,0,2,no evidence,0,0,0,0
ZH-006,ZH-006-S10,Assessment,1,2,evidence of,0,0,0,1
ZH-006,ZH-006-S10,Assessment,2,2,of deficit,0,0,0,1
ZH-006,ZH-006-S10,Assessment,3,2,deficit caused,0,0,0,1
ZH-006,ZH-006-S10,Assessment,4,2,caused by,0,0,0,1
ZH-006,ZH-006-S10,Assessment,5,2,by bite,0,0,0,1
ZH-006,ZH-006-S10,Assessment,0,3,no evidence of,0,0,0,0
ZH-006,ZH-006-S10,Assessment,1,3,evidence of deficit,0,0,0,1
ZH-006,ZH-006-S10,Assessment,2,3,of deficit caused,0,0,0,1
ZH-006,ZH-006-S10,Assessment,3,3,deficit caused by,0,0,0,1
ZH-006,ZH-006-S10,Assessment,4,3,caused by bite,0,0,0,1
ZH-006,ZH-006-S10,Assessment,0,4,no evidence of deficit,0,0,0,0
ZH-006,ZH-006-S10,Assessment,1,4,evidence of deficit caused,0,0,0,1
ZH-006,ZH-006-S10,Assessment,2,4,of deficit caused by,0,0,0,1
ZH-006,ZH-006-S10,Assessment,3,4,deficit caused by bite,1,0,0,1
ZH-006,ZH-006-S10,Assessment,0,5,no evidence of deficit caused,0,0,0,0
ZH-006,ZH-006-S10,Assessment,1,5,evidence of deficit caused by,0,0,0,1
ZH-006,ZH-006-S10,Assessment,2,5,of deficit caused by bite,0,0,0,1
ZH-007,ZH-007-S01,Presentation,0,1,findings,0,0,0,0
ZH-007,ZH-007-S01,Presentation,1,1,include,0,0,0,0
ZH-007,ZH-007-S01,Presentation,2,1,severe,0,0,0,0
ZH-007,ZH-007-S01,Presentation,3,1,anger,0,0,0,0
ZH-007,ZH-007-S01,Presentation,0,2,findings include,0,0,0,0
ZH-007,ZH-007-S01,Presentation,1,2,include severe,0,0,0,0
ZH-007,ZH-007-S01,Presentation,2,2,severe anger,0,1,0,0
ZH-007,ZH-007-S01,Presentation,0,3,findings include severe,0,0,0,0
ZH-007,ZH-007-S01,Presentation,1,3,include severe anger,0,0,0,0
ZH-007,ZH-007-S01,Presentation,0,4,findings include severe anger,0,0,0,0
ZH-007,ZH-007-S02,General Examination,0,1,limbs,0,0,0,0
ZH-007,ZH-007-S02,General Examination,1,1,move,0,0,0,0
ZH-007,ZH-007-S02,General Examination,2,1,slowly,0,0,0,0
ZH-007,ZH-007-S02,General Examination,3,1,as,0,0,0,0
ZH-007,ZH-007-S02,General Examination,4,1,usual,0,0,0,0
ZH-007,ZH-007-S02,General Examination,5,1,for,0,0,0,0
ZH-007,ZH-007-S02,General Examination,6,1,zombies,0,0,0,0
ZH-007,ZH-007-S02,General Examination,0,2,limbs move,0,0,0,0
ZH-007,ZH-007-S02,General Examination,1,2,move slowly,0,0,0,0
ZH-007,ZH-007-S02,General Examination,2,2,slowly as,0,0,0,0
ZH-007,ZH-007-S02,General Examination,3,2,as usual,0,0,0,0
ZH-007,ZH-007-S02,General Examination,4,2,usual for,0,0,0,0
ZH-007,ZH-007-S02,General Examination,5,2,for zombies,0,0,0,0
ZH-007,ZH-007-S02,General Examination,0,3,limbs move slowly,0,0,0,0
ZH-007,ZH-007-S02,General Examination,1,3,move slowly as,0,0,0,0
ZH-007,ZH-007-S02,General Examination,2,3,slowly as usual,0,0,0,0
ZH-007,ZH-007-S02,General Examination,3,3,as usual for,0,0,0,0
ZH-007,ZH-007-S02,General Examination,4,3,usual for zombies,0,0,0,0
ZH-007,ZH-007-S02,General Examination,0,4,limbs move slowly as,0,0,0,0
ZH-007,ZH-007-S02,General Examination,1,4,move slowly as usual,0,0,0,0
ZH-007,ZH-007-S02,General Examination,2,4,slowly as usual for,0,0,0,0
ZH-007,ZH-007-S02,General Examination,3,4,as usual for zombies,0,0,0,0
ZH-007,ZH-007-S02,General Examination,0,5,limbs move slowly as usual,0,0,0,0
ZH-007,ZH-007-S02,General Examination,1,5,move slowly as usual for,0,0,0,0
ZH-007,ZH-007-S02,General Examination,2,5,slowly as usual for zombies,0,0,0,0
ZH-007,ZH-007-S03,Negative Findings,0,1,absence,0,0,1,0
ZH-007,ZH-007-S03,Negative Findings,1,1,of,0,0,0,1
ZH-007,ZH-007-S03,Negative Findings,2,1,missing,0,0,0,1
ZH-007,ZH-007-S03,Negative Findings,3,1,limb,0,0,0,1
ZH-007,ZH-007-S03,Negative Findings,0,2,absence of,0,0,0,0
ZH-007,ZH-007-S03,Negative Findings,1,2,of missing,0,0,0,1
ZH-007,ZH-007-S03,Negative Findings,2,2,missing limb,0,1,0,1
ZH-007,ZH-007-S03,Negative Findings,0,3,absence of missing,0,0,0,0
ZH-007,ZH-007-S03,Negative Findings,1,3,of missing limb,0,0,0,1
ZH-007,ZH-007-S03,Negative Findings,0,4,absence of missing limb,0,0,0,0
ZH-007,ZH-007-S04,Laboratory Analysis,0,1,blood,0,0,0,0
ZH-007,ZH-007-S04,Laboratory Analysis,1,1,analysis,0,0,0,0
ZH-007,ZH-007-S04,Laboratory Analysis,2,1,returned,0,0,0,0
ZH-007,ZH-007-S04,Laboratory Analysis,3,1,no,0,0,1,0
ZH-007,ZH-007-S04,Laboratory Analysis,4,1,relevant,0,0,0,1
ZH-007,ZH-007-S04,Laboratory Analysis,5,1,findings,0,0,0,1
ZH-007,ZH-007-S04,Laboratory Analysis,0,2,blood analysis,0,0,0,0
ZH-007,ZH-007-S04,Laboratory Analysis,1,2,analysis returned,0,0,0,0
ZH-007,ZH-007-S04,Laboratory Analysis,2,2,returned no,0,0,0,0
ZH-007,ZH-007-S04,Laboratory Analysis,3,2,no relevant,0,0,0,0
ZH-007,ZH-007-S04,Laboratory Analysis,4,2,relevant findings,0,0,0,1
ZH-007,ZH-007-S04,Laboratory Analysis,0,3,blood analysis returned,0,0,0,0
ZH-007,ZH-007-S04,Laboratory Analysis,1,3,analysis returned no,0,0,0,0
ZH-007,ZH-007-S04,Laboratory Analysis,2,3,returned no relevant,0,0,0,0
ZH-007,ZH-007-S04,Laboratory Analysis,3,3,no relevant findings,0,0,0,0
ZH-007,ZH-007-S04,Laboratory Analysis,0,4,blood analysis returned no,0,0,0,0
ZH-007,ZH-007-S04,Laboratory Analysis,1,4,analysis returned no relevant,0,0,0,0
ZH-007,ZH-007-S04,Laboratory Analysis,2,4,returned no relevant findings,0,0,0,0
ZH-007,ZH-007-S04,Laboratory Analysis,0,5,blood analysis returned no relevant,0,0,0,0
ZH-007,ZH-007-S04,Laboratory Analysis,1,5,analysis returned no relevant findings,0,0,0,0
ZH-007,ZH-007-S05,Clinical History,0,1,no,0,0,1,0
ZH-007,ZH-007-S05,Clinical History,1,1,previous,0,0,0,1
ZH-007,ZH-007-S05,Clinical History,2,1,diagnosis,0,0,0,1
ZH-007,ZH-007-S05,Clinical History,3,1,was,0,0,0,1
ZH-007,ZH-007-S05,Clinical History,4,1,recorded,0,0,0,1
ZH-007,ZH-007-S05,Clinical History,0,2,no previous,0,0,0,0
ZH-007,ZH-007-S05,Clinical History,1,2,previous diagnosis,0,0,0,1
ZH-007,ZH-007-S05,Clinical History,2,2,diagnosis was,0,0,0,1
ZH-007,ZH-007-S05,Clinical History,3,2,was recorded,0,0,0,1
ZH-007,ZH-007-S05,Clinical History,0,3,no previous diagnosis,0,0,0,0
ZH-007,ZH-007-S05,Clinical History,1,3,previous diagnosis was,0,0,0,1
ZH-007,ZH-007-S05,Clinical History,2,3,diagnosis was recorded,0,0,0,1
ZH-007,ZH-007-S05,Clinical History,0,4,no previous diagnosis was,0,0,0,0
ZH-007,ZH-007-S05,Clinical History,1,4,previous diagnosis was recorded,0,0,0,1
ZH-007,ZH-007-S05,Clinical History,0,5,no previous diagnosis was recorded,0,0,0,0
ZH-007,ZH-007-S06,Social History,0,1,the,0,0,0,0
ZH-007,ZH-007-S06,Social History,1,1,caretaker,0,0,0,0
ZH-007,ZH-007-S06,Social History,2,1,has,0,0,0,0
ZH-007,ZH-007-S06,Social History,3,1,a,0,0,0,0
ZH-007,ZH-007-S06,Social History,4,1,sharp,0,0,0,0
ZH-007,ZH-007-S06,Social History,5,1,tongue,0,0,0,0
ZH-007,ZH-007-S06,Social History,0,2,the caretaker,0,0,0,0
ZH-007,ZH-007-S06,Social History,1,2,caretaker has,0,0,0,0
ZH-007,ZH-007-S06,Social History,2,2,has a,0,0,0,0
ZH-007,ZH-007-S06,Social History,3,2,a sharp,0,0,0,0
ZH-007,ZH-007-S06,Social History,4,2,sharp tongue,0,0,0,0
ZH-007,ZH-007-S06,Social History,0,3,the caretaker has,0,0,0,0
ZH-007,ZH-007-S06,Social History,1,3,caretaker has a,0,0,0,0
ZH-007,ZH-007-S06,Social History,2,3,has a sharp,0,0,0,0
ZH-007,ZH-007-S06,Social History,3,3,a sharp tongue,0,0,0,0
ZH-007,ZH-007-S06,Social History,0,4,the caretaker has a,0,0,0,0
ZH-007,ZH-007-S06,Social History,1,4,caretaker has a sharp,0,0,0,0
ZH-007,ZH-007-S06,Social History,2,4,has a sharp tongue,0,0,0,0
ZH-007,ZH-007-S06,Social History,0,5,the caretaker has a sharp,0,0,0,0
ZH-007,ZH-007-S06,Social History,1,5,caretaker has a sharp tongue,0,0,0,0
ZH-007,ZH-007-S07,Assessment,0,1,no,0,0,1,0
ZH-007,ZH-007-S07,Assessment,1,1,diagnosis,0,0,0,1
ZH-007,ZH-007-S07,Assessment,2,1,was,0,0,0,1
ZH-007,ZH-007-S07,Assessment,3,1,established,0,0,0,1
ZH-007,ZH-007-S07,Assessment,0,2,no diagnosis,0,0,0,0
ZH-007,ZH-007-S07,Assessment,1,2,diagnosis was,0,0,0,1
ZH-007,ZH-007-S07,Assessment,2,2,was established,0,0,0,1
ZH-007,ZH-007-S07,Assessment,0,3,no diagnosis was,0,0,0,0
ZH-007,ZH-007-S07,Assessment,1,3,diagnosis was established,0,0,0,1
ZH-007,ZH-007-S07,Assessment,0,4,no diagnosis was established,0,0,0,0
ZH-007,ZH-007-S08,Assessment,0,1,the,0,0,0,0
ZH-007,ZH-007-S08,Assessment,1,1,team,0,0,0,0
ZH-007,ZH-007-S08,Assessment,2,1,ruled,0,0,0,0
ZH-007,ZH-007-S08,Assessment,3,1,out,0,0,0,0
ZH-007,ZH-007-S08,Assessment,4,1,fight,0,0,0,1
ZH-007,ZH-007-S08,Assessment,5,1,injury,0,0,0,1
ZH-007,ZH-007-S08,Assessment,0,2,the team,0,0,0,0
ZH-007,ZH-007-S08,Assessment,1,2,team ruled,0,0,0,0
ZH-007,ZH-007-S08,Assessment,2,2,ruled out,0,0,1,0
ZH-007,ZH-007-S08,Assessment,3,2,out fight,0,0,0,0
ZH-007,ZH-007-S08,Assessment,4,2,fight injury,1,0,0,1
ZH-007,ZH-007-S08,Assessment,0,3,the team ruled,0,0,0,0
ZH-007,ZH-007-S08,Assessment,1,3,team ruled out,0,0,0,0
ZH-007,ZH-007-S08,Assessment,2,3,ruled out fight,0,0,0,0
ZH-007,ZH-007-S08,Assessment,3,3,out fight injury,0,0,0,0
ZH-007,ZH-007-S08,Assessment,0,4,the team ruled out,0,0,0,0
ZH-007,ZH-007-S08,Assessment,1,4,team ruled out fight,0,0,0,0
ZH-007,ZH-007-S08,Assessment,2,4,ruled out fight injury,0,0,0,0
ZH-007,ZH-007-S08,Assessment,0,5,the team ruled out fight,0,0,0,0
ZH-007,ZH-007-S08,Assessment,1,5,team ruled out fight injury,0,0,0,0
ZH-008,ZH-008-S01,Presentation,0,1,examination,0,0,0,0
ZH-008,ZH-008-S01,Presentation,1,1,reveals,0,0,0,0
ZH-008,ZH-008-S01,Presentation,2,1,tremor,0,0,0,0
ZH-008,ZH-008-S01,Presentation,3,1,in,0,0,0,0
ZH-008,ZH-008-S01,Presentation,4,1,the,0,0,0,0
ZH-008,ZH-008-S01,Presentation,5,1,little,0,0,0,0
ZH-008,ZH-008-S01,Presentation,6,1,finger,0,0,0,0
ZH-008,ZH-008-S01,Presentation,0,2,examination reveals,0,0,0,0
ZH-008,ZH-008-S01,Presentation,1,2,reveals tremor,0,0,0,0
ZH-008,ZH-008-S01,Presentation,2,2,tremor in,0,0,0,0
ZH-008,ZH-008-S01,Presentation,3,2,in the,0,0,0,0
ZH-008,ZH-008-S01,Presentation,4,2,the little,0,0,0,0
ZH-008,ZH-008-S01,Presentation,5,2,little finger,0,0,0,0
ZH-008,ZH-008-S01,Presentation,0,3,examination reveals tremor,0,0,0,0
ZH-008,ZH-008-S01,Presentation,1,3,reveals tremor in,0,0,0,0
ZH-008,ZH-008-S01,Presentation,2,3,tremor in the,0,0,0,0
ZH-008,ZH-008-S01,Presentation,3,3,in the little,0,0,0,0
ZH-008,ZH-008-S01,Presentation,4,3,the little finger,0,0,0,0
ZH-008,ZH-008-S01,Presentation,0,4,examination reveals tremor in,0,0,0,0
ZH-008,ZH-008-S01,Presentation,1,4,reveals tremor in the,0,0,0,0
ZH-008,ZH-008-S01,Presentation,2,4,tremor in the little,0,0,0,0
ZH-008,ZH-008-S01,Presentation,3,4,in the little finger,0,0,0,0
ZH-008,ZH-008-S01,Presentation,0,5,examination reveals tremor in the,0,0,0,0
ZH-008,ZH-008-S01,Presentation,1,5,reveals tremor in the little,0,0,0,0
ZH-008,ZH-008-S01,Presentation,2,5,tremor in the little finger,0,1,0,0
ZH-008,ZH-008-S02,General Examination,0,1,the,0,0,0,0
ZH-008,ZH-008-S02,General Examination,1,1,patient,0,0,0,0
ZH-008,ZH-008-S02,General Examination,2,1,shows,0,0,0,0
ZH-008,ZH-008-S02,General Examination,3,1,a,0,0,0,0
ZH-008,ZH-008-S02,General Examination,4,1,healthy,0,0,0,0
ZH-008,ZH-008-S02,General Examination,5,1,green,0,0,0,0
ZH-008,ZH-008-S02,General Examination,6,1,tongue,0,0,0,0
ZH-008,ZH-008-S02,General Examination,0,2,the patient,0,0,0,0
ZH-008,ZH-008-S02,General Examination,1,2,patient shows,0,0,0,0
ZH-008,ZH-008-S02,General Examination,2,2,shows a,0,0,0,0
ZH-008,ZH-008-S02,General Examination,3,2,a healthy,0,0,0,0
ZH-008,ZH-008-S02,General Examination,4,2,healthy green,0,0,0,0
ZH-008,ZH-008-S02,General Examination,5,2,green tongue,0,0,0,0
ZH-008,ZH-008-S02,General Examination,0,3,the patient shows,0,0,0,0
ZH-008,ZH-008-S02,General Examination,1,3,patient shows a,0,0,0,0
ZH-008,ZH-008-S02,General Examination,2,3,shows a healthy,0,0,0,0
ZH-008,ZH-008-S02,General Examination,3,3,a healthy green,0,0,0,0
ZH-008,ZH-008-S02,General Examination,4,3,healthy green tongue,0,0,0,0
ZH-008,ZH-008-S02,General Examination,0,4,the patient shows a,0,0,0,0
ZH-008,ZH-008-S02,General Examination,1,4,patient shows a healthy,0,0,0,0
ZH-008,ZH-008-S02,General Examination,2,4,shows a healthy green,0,0,0,0
ZH-008,ZH-008-S02,General Examination,3,4,a healthy green tongue,0,0,0,0
ZH-008,ZH-008-S02,General Examination,0,5,the patient shows a healthy,0,0,0,0
ZH-008,ZH-008-S02,General Examination,1,5,patient shows a healthy green,0,0,0,0
ZH-008,ZH-008-S02,General Examination,2,5,shows a healthy green tongue,0,0,0,0
ZH-008,ZH-008-S03,Negative Findings,0,1,the,0,0,0,0
ZH-008,ZH-008-S03,Negative Findings,1,1,patient,0,0,0,0
ZH-008,ZH-008-S03,Negative Findings,2,1,denies,0,0,1,0
ZH-008,ZH-008-S03,Negative Findings,3,1,yellow,0,0,0,1
ZH-008,ZH-008-S03,Negative Findings,4,1,tinted,0,0,0,1
ZH-008,ZH-008-S03,Negative Findings,5,1,tongue,0,0,0,1
ZH-008,ZH-008-S03,Negative Findings,0,2,the patient,0,0,0,0
ZH-008,ZH-008-S03,Negative Findings,1,2,patient denies,0,0,0,0
ZH-008,ZH-008-S03,Negative Findings,2,2,denies yellow,0,0,0,0
ZH-008,ZH-008-S03,Negative Findings,3,2,yellow tinted,0,0,0,1
ZH-008,ZH-008-S03,Negative Findings,4,2,tinted tongue,0,0,0,1
ZH-008,ZH-008-S03,Negative Findings,0,3,the patient denies,0,0,0,0
ZH-008,ZH-008-S03,Negative Findings,1,3,patient denies yellow,0,0,0,0
ZH-008,ZH-008-S03,Negative Findings,2,3,denies yellow tinted,0,0,0,0
ZH-008,ZH-008-S03,Negative Findings,3,3,yellow tinted tongue,0,1,0,1
ZH-008,ZH-008-S03,Negative Findings,0,4,the patient denies yellow,0,0,0,0
ZH-008,ZH-008-S03,Negative Findings,1,4,patient denies yellow tinted,0,0,0,0
ZH-008,ZH-008-S03,Negative Findings,2,4,denies yellow tinted tongue,0,0,0,0
ZH-008,ZH-008-S03,Negative Findings,0,5,the patient denies yellow tinted,0,0,0,0
ZH-008,ZH-008-S03,Negative Findings,1,5,patient denies yellow tinted tongue,0,0,0,0
ZH-008,ZH-008-S04,Negative Findings,0,1,examination,0,0,0,0
ZH-008,ZH-008-S04,Negative Findings,1,1,reveals,0,0,0,0
ZH-008,ZH-008-S04,Negative Findings,2,1,no,0,0,1,0
ZH-008,ZH-008-S04,Negative Findings,3,1,loss,0,0,0,1
ZH-008,ZH-008-S04,Negative Findings,4,1,of,0,0,0,1
ZH-008,ZH-008-S04,Negative Findings,5,1,motor,0,0,0,1
ZH-008,ZH-008-S04,Negative Findings,6,1,control,0,0,0,1
ZH-008,ZH-008-S04,Negative Findings,0,2,examination reveals,0,0,0,0
ZH-008,ZH-008-S04,Negative Findings,1,2,reveals no,0,0,0,0
ZH-008,ZH-008-S04,Negative Findings,2,2,no loss,0,0,0,0
ZH-008,ZH-008-S04,Negative Findings,3,2,loss of,0,0,0,1
ZH-008,ZH-008-S04,Negative Findings,4,2,of motor,0,0,0,1
ZH-008,ZH-008-S04,Negative Findings,5,2,motor control,0,0,0,1
ZH-008,ZH-008-S04,Negative Findings,0,3,examination reveals no,0,0,0,0
ZH-008,ZH-008-S04,Negative Findings,1,3,reveals no loss,0,0,0,0
ZH-008,ZH-008-S04,Negative Findings,2,3,no loss of,0,0,0,0
ZH-008,ZH-008-S04,Negative Findings,3,3,loss of motor,0,0,0,1
ZH-008,ZH-008-S04,Negative Findings,4,3,of motor control,0,0,0,1
ZH-008,ZH-008-S04,Negative Findings,0,4,examination reveals no loss,0,0,0,0
ZH-008,ZH-008-S04,Negative Findings,1,4,reveals no loss of,0,0,0,0
ZH-008,ZH-008-S04,Negative Findings,2,4,no loss of motor,0,0,0,0
ZH-008,ZH-008-S04,Negative Findings,3,4,loss of motor control,0,1,0,1
ZH-008,ZH-008-S04,Negative Findings,0,5,examination reveals no loss of,0,0,0,0
ZH-008,ZH-008-S04,Negative Findings,1,5,reveals no loss of motor,0,0,0,0
ZH-008,ZH-008-S04,Negative Findings,2,5,no loss of motor control,0,0,0,0
ZH-008,ZH-008-S05,Laboratory Analysis,0,1,laboratory,0,0,0,0
ZH-008,ZH-008-S05,Laboratory Analysis,1,1,tests,0,0,0,0
ZH-008,ZH-008-S05,Laboratory Analysis,2,1,did,0,0,0,0
ZH-008,ZH-008-S05,Laboratory Analysis,3,1,not,0,0,1,0
ZH-008,ZH-008-S05,Laboratory Analysis,4,1,identify,0,0,0,1
ZH-008,ZH-008-S05,Laboratory Analysis,5,1,any,0,0,0,1
ZH-008,ZH-008-S05,Laboratory Analysis,6,1,pathogen,0,0,0,1
ZH-008,ZH-008-S05,Laboratory Analysis,0,2,laboratory tests,0,0,0,0
ZH-008,ZH-008-S05,Laboratory Analysis,1,2,tests did,0,0,0,0
ZH-008,ZH-008-S05,Laboratory Analysis,2,2,did not,0,0,0,0
ZH-008,ZH-008-S05,Laboratory Analysis,3,2,not identify,0,0,0,0
ZH-008,ZH-008-S05,Laboratory Analysis,4,2,identify any,0,0,0,1
ZH-008,ZH-008-S05,Laboratory Analysis,5,2,any pathogen,0,0,0,1
ZH-008,ZH-008-S05,Laboratory Analysis,0,3,laboratory tests did,0,0,0,0
ZH-008,ZH-008-S05,Laboratory Analysis,1,3,tests did not,0,0,0,0
ZH-008,ZH-008-S05,Laboratory Analysis,2,3,did not identify,0,0,0,0
ZH-008,ZH-008-S05,Laboratory Analysis,3,3,not identify any,0,0,0,0
ZH-008,ZH-008-S05,Laboratory Analysis,4,3,identify any pathogen,0,0,0,1
ZH-008,ZH-008-S05,Laboratory Analysis,0,4,laboratory tests did not,0,0,0,0
ZH-008,ZH-008-S05,Laboratory Analysis,1,4,tests did not identify,0,0,0,0
ZH-008,ZH-008-S05,Laboratory Analysis,2,4,did not identify any,0,0,0,0
ZH-008,ZH-008-S05,Laboratory Analysis,3,4,not identify any pathogen,0,0,0,0
ZH-008,ZH-008-S05,Laboratory Analysis,0,5,laboratory tests did not identify,0,0,0,0
ZH-008,ZH-008-S05,Laboratory Analysis,1,5,tests did not identify any,0,0,0,0
ZH-008,ZH-008-S05,Laboratory Analysis,2,5,did not identify any pathogen,0,0,0,0
ZH-008,ZH-008-S06,Clinical History,0,1,history,0,0,0,0
ZH-008,ZH-008-S06,Clinical History,1,1,of,0,0,0,0
ZH-008,ZH-008-S06,Clinical History,2,1,bacterial,0,0,0,0
ZH-008,ZH-008-S06,Clinical History,3,1,infectious,0,0,0,0
ZH-008,ZH-008-S06,Clinical History,4,1,process,0,0,0,0
ZH-008,ZH-008-S06,Clinical History,0,2,history of,0,0,0,0
ZH-008,ZH-008-S06,Clinical History,1,2,of bacterial,0,0,0,0
ZH-008,ZH-008-S06,Clinical History,2,2,bacterial infectious,0,0,0,0
ZH-008,ZH-008-S06,Clinical History,3,2,infectious process,0,0,0,0
ZH-008,ZH-008-S06,Clinical History,0,3,history of bacterial,0,0,0,0
ZH-008,ZH-008-S06,Clinical History,1,3,of bacterial infectious,0,0,0,0
ZH-008,ZH-008-S06,Clinical History,2,3,bacterial infectious process,1,0,0,0
ZH-008,ZH-008-S06,Clinical History,0,4,history of bacterial infectious,0,0,0,0
ZH-008,ZH-008-S06,Clinical History,1,4,of bacterial infectious process,0,0,0,0
ZH-008,ZH-008-S06,Clinical History,0,5,history of bacterial infectious process,0,0,0,0
ZH-008,ZH-008-S07,Social History,0,1,a,0,0,0,0
ZH-008,ZH-008-S07,Social History,1,1,video,0,0,0,0
ZH-008,ZH-008-S07,Social History,2,1,of,0,0,0,0
ZH-008,ZH-008-S07,Social History,3,1,the,0,0,0,0
ZH-008,ZH-008-S07,Social History,4,1,patient,0,0,0,0
ZH-008,ZH-008-S07,Social History,5,1,dancing,0,0,0,0
ZH-008,ZH-008-S07,Social History,6,1,went,0,0,0,0
ZH-008,ZH-008-S07,Social History,7,1,viral,0,0,0,0
ZH-008,ZH-008-S07,Social History,0,2,a video,0,0,0,0
ZH-008,ZH-008-S07,Social History,1,2,video of,0,0,0,0
ZH-008,ZH-008-S07,Social History,2,2,of the,0,0,0,0
ZH-008,ZH-008-S07,Social History,3,2,the patient,0,0,0,0
ZH-008,ZH-008-S07,Social History,4,2,patient dancing,0,0,0,0
ZH-008,ZH-008-S07,Social History,5,2,dancing went,0,0,0,0
ZH-008,ZH-008-S07,Social History,6,2,went viral,0,0,0,0
ZH-008,ZH-008-S07,Social History,0,3,a video of,0,0,0,0
ZH-008,ZH-008-S07,Social History,1,3,video of the,0,0,0,0
ZH-008,ZH-008-S07,Social History,2,3,of the patient,0,0,0,0
ZH-008,ZH-008-S07,Social History,3,3,the patient dancing,0,0,0,0
ZH-008,ZH-008-S07,Social History,4,3,patient dancing went,0,0,0,0
ZH-008,ZH-008-S07,Social History,5,3,dancing went viral,0,0,0,0
ZH-008,ZH-008-S07,Social History,0,4,a video of the,0,0,0,0
ZH-008,ZH-008-S07,Social History,1,4,video of the patient,0,0,0,0
ZH-008,ZH-008-S07,Social History,2,4,of the patient dancing,0,0,0,0
ZH-008,ZH-008-S07,Social History,3,4,the patient dancing went,0,0,0,0
ZH-008,ZH-008-S07,Social History,4,4,patient dancing went viral,0,0,0,0
ZH-008,ZH-008-S07,Social History,0,5,a video of the patient,0,0,0,0
ZH-008,ZH-008-S07,Social History,1,5,video of the patient dancing,0,0,0,0
ZH-008,ZH-008-S07,Social History,2,5,of the patient dancing went,0,0,0,0
ZH-008,ZH-008-S07,Social History,3,5,the patient dancing went viral,0,0,0,0
ZH-008,ZH-008-S08,Social History,0,1,favorite,0,0,0,0
ZH-008,ZH-008-S08,Social History,1,1,snack,0,0,0,0
ZH-008,ZH-008-S08,Social History,2,1,finger,0,0,0,0
ZH-008,ZH-008-S08,Social History,3,1,food,0,0,0,0
ZH-008,ZH-008-S08,Social History,0,2,favorite snack,0,0,0,0
ZH-008,ZH-008-S08,Social History,1,2,snack finger,0,0,0,0
ZH-008,ZH-008-S08,Social History,2,2,finger food,0,0,0,0
ZH-008,ZH-008-S08,Social History,0,3,favorite snack finger,0,0,0,0
ZH-008,ZH-008-S08,Social History,1,3,snack finger food,0,0,0,0
ZH-008,ZH-008-S08,Social History,0,4,favorite snack finger food,0,0,0,0
ZH-008,ZH-008-S09,Assessment,0,1,clinical,0,0,0,0
ZH-008,ZH-008-S09,Assessment,1,1,impression,0,0,0,0
ZH-008,ZH-008-S09,Assessment,2,1,deficit,0,0,0,0
ZH-008,ZH-008-S09,Assessment,3,1,caused,0,0,0,0
ZH-008,ZH-008-S09,Assessment,4,1,by,0,0,0,0
ZH-008,ZH-008-S09,Assessment,5,1,bite,0,0,0,0
ZH-008,ZH-008-S09,Assessment,0,2,clinical impression,0,0,0,0
ZH-008,ZH-008-S09,Assessment,1,2,impression deficit,0,0,0,0
ZH-008,ZH-008-S09,Assessment,2,2,deficit caused,0,0,0,0
ZH-008,ZH-008-S09,Assessment,3,2,caused by,0,0,0,0
ZH-008,ZH-008-S09,Assessment,4,2,by bite,0,0,0,0
ZH-008,ZH-008-S09,Assessment,0,3,clinical impression deficit,0,0,0,0
ZH-008,ZH-008-S09,Assessment,1,3,impression deficit caused,0,0,0,0
ZH-008,ZH-008-S09,Assessment,2,3,deficit caused by,0,0,0,0
ZH-008,ZH-008-S09,Assessment,3,3,caused by bite,0,0,0,0
ZH-008,ZH-008-S09,Assessment,0,4,clinical impression deficit caused,0,0,0,0
ZH-008,ZH-008-S09,Assessment,1,4,impression deficit caused by,0,0,0,0
ZH-008,ZH-008-S09,Assessment,2,4,deficit caused by bite,1,0,0,0
ZH-008,ZH-008-S09,Assessment,0,5,clinical impression deficit caused by,0,0,0,0
ZH-008,ZH-008-S09,Assessment,1,5,impression deficit caused by bite,0,0,0,0
ZH-008,ZH-008-S10,Assessment,0,1,the,0,0,0,0
ZH-008,ZH-008-S10,Assessment,1,1,team,0,0,0,0
ZH-008,ZH-008-S10,Assessment,2,1,ruled,0,0,0,0
ZH-008,ZH-008-S10,Assessment,3,1,out,0,0,0,0
ZH-008,ZH-008-S10,Assessment,4,1,infection,0,0,0,1
ZH-008,ZH-008-S10,Assessment,5,1,of,0,0,0,1
ZH-008,ZH-008-S10,Assessment,6,1,bacterial,0,0,0,1
ZH-008,ZH-008-S10,Assessment,7,1,origin,0,0,0,1
ZH-008,ZH-008-S10,Assessment,0,2,the team,0,0,0,0
ZH-008,ZH-008-S10,Assessment,1,2,team ruled,0,0,0,0
ZH-008,ZH-008-S10,Assessment,2,2,ruled out,0,0,1,0
ZH-008,ZH-008-S10,Assessment,3,2,out infection,0,0,0,0
ZH-008,ZH-008-S10,Assessment,4,2,infection of,0,0,0,1
ZH-008,ZH-008-S10,Assessment,5,2,of bacterial,0,0,0,1
ZH-008,ZH-008-S10,Assessment,6,2,bacterial origin,0,0,0,1
ZH-008,ZH-008-S10,Assessment,0,3,the team ruled,0,0,0,0
ZH-008,ZH-008-S10,Assessment,1,3,team ruled out,0,0,0,0
ZH-008,ZH-008-S10,Assessment,2,3,ruled out infection,0,0,0,0
ZH-008,ZH-008-S10,Assessment,3,3,out infection of,0,0,0,0
ZH-008,ZH-008-S10,Assessment,4,3,infection of bacterial,0,0,0,1
ZH-008,ZH-008-S10,Assessment,5,3,of bacterial origin,0,0,0,1
ZH-008,ZH-008-S10,Assessment,0,4,the team ruled out,0,0,0,0
ZH-008,ZH-008-S10,Assessment,1,4,team ruled out infection,0,0,0,0
ZH-008,ZH-008-S10,Assessment,2,4,ruled out infection of,0,0,0,0
ZH-008,ZH-008-S10,Assessment,3,4,out infection of bacterial,0,0,0,0
ZH-008,ZH-008-S10,Assessment,4,4,infection of bacterial origin,1,0,0,1
ZH-008,ZH-008-S10,Assessment,0,5,the team ruled out infection,0,0,0,0
ZH-008,ZH-008-S10,Assessment,1,5,team ruled out infection of,0,0,0,0
ZH-008,ZH-008-S10,Assessment,2,5,ruled out infection of bacterial,0,0,0,0
ZH-008,ZH-008-S10,Assessment,3,5,out infection of bacterial origin,0,0,0,0
ZH-009,ZH-009-S01,Presentation,0,1,the,0,0,0,0
ZH-009,ZH-009-S01,Presentation,1,1,patient,0,0,0,0
ZH-009,ZH-009-S01,Presentation,2,1,reports,0,0,0,0
ZH-009,ZH-009-S01,Presentation,3,1,yellow,0,0,0,0
ZH-009,ZH-009-S01,Presentation,4,1,tinted,0,0,0,0
ZH-009,ZH-009-S01,Presentation,5,1,tongue,0,0,0,0
ZH-009,ZH-009-S01,Presentation,0,2,the patient,0,0,0,0
ZH-009,ZH-009-S01,Presentation,1,2,patient reports,0,0,0,0
ZH-009,ZH-009-S01,Presentation,2,2,reports yellow,0,0,0,0
ZH-009,ZH-009-S01,Presentation,3,2,yellow tinted,0,0,0,0
ZH-009,ZH-009-S01,Presentation,4,2,tinted tongue,0,0,0,0
ZH-009,ZH-009-S01,Presentation,0,3,the patient reports,0,0,0,0
ZH-009,ZH-009-S01,Presentation,1,3,patient reports yellow,0,0,0,0
ZH-009,ZH-009-S01,Presentation,2,3,reports yellow tinted,0,0,0,0
ZH-009,ZH-009-S01,Presentation,3,3,yellow tinted tongue,0,1,0,0
ZH-009,ZH-009-S01,Presentation,0,4,the patient reports yellow,0,0,0,0
ZH-009,ZH-009-S01,Presentation,1,4,patient reports yellow tinted,0,0,0,0
ZH-009,ZH-009-S01,Presentation,2,4,reports yellow tinted tongue,0,0,0,0
ZH-009,ZH-009-S01,Presentation,0,5,the patient reports yellow tinted,0,0,0,0
ZH-009,ZH-009-S01,Presentation,1,5,patient reports yellow tinted tongue,0,0,0,0
ZH-009,ZH-009-S02,Presentation,0,1,findings,0,0,0,0
ZH-009,ZH-009-S02,Presentation,1,1,include,0,0,0,0
ZH-009,ZH-009-S02,Presentation,2,1,thoracic,0,0,0,0
ZH-009,ZH-009-S02,Presentation,3,1,discomfort,0,0,0,0
ZH-009,ZH-009-S02,Presentation,0,2,findings include,0,0,0,0
ZH-009,ZH-009-S02,Presentation,1,2,include thoracic,0,0,0,0
ZH-009,ZH-009-S02,Presentation,2,2,thoracic discomfort,0,1,0,0
ZH-009,ZH-009-S02,Presentation,0,3,findings include thoracic,0,0,0,0
ZH-009,ZH-009-S02,Presentation,1,3,include thoracic discomfort,0,0,0,0
ZH-009,ZH-009-S02,Presentation,0,4,findings include thoracic discomfort,0,0,0,0
ZH-009,ZH-009-S03,General Examination,0,1,pinky,0,0,0,0
ZH-009,ZH-009-S03,General Examination,1,1,finger,0,0,0,0
ZH-009,ZH-009-S03,General Examination,2,1,nails,0,0,0,0
ZH-009,ZH-009-S03,General Examination,3,1,are,0,0,0,0
ZH-009,ZH-009-S03,General Examination,4,1,long,0,0,0,0
ZH-009,ZH-009-S03,General Examination,5,1,and,0,0,0,0
ZH-009,ZH-009-S03,General Examination,6,1,dirty,0,0,0,0
ZH-009,ZH-009-S03,General Examination,7,1,which,0,0,0,0
ZH-009,ZH-009-S03,General Examination,8,1,is,0,0,0,0
ZH-009,ZH-009-S03,General Examination,9,1,normal,0,0,0,0
ZH-009,ZH-009-S03,General Examination,0,2,pinky finger,0,0,0,0
ZH-009,ZH-009-S03,General Examination,1,2,finger nails,0,0,0,0
ZH-009,ZH-009-S03,General Examination,2,2,nails are,0,0,0,0
ZH-009,ZH-009-S03,General Examination,3,2,are long,0,0,0,0
ZH-009,ZH-009-S03,General Examination,4,2,long and,0,0,0,0
ZH-009,ZH-009-S03,General Examination,5,2,and dirty,0,0,0,0
ZH-009,ZH-009-S03,General Examination,6,2,dirty which,0,0,0,0
ZH-009,ZH-009-S03,General Examination,7,2,which is,0,0,0,0
ZH-009,ZH-009-S03,General Examination,8,2,is normal,0,0,0,0
ZH-009,ZH-009-S03,General Examination,0,3,pinky finger nails,0,0,0,0
ZH-009,ZH-009-S03,General Examination,1,3,finger nails are,0,0,0,0
ZH-009,ZH-009-S03,General Examination,2,3,nails are long,0,0,0,0
ZH-009,ZH-009-S03,General Examination,3,3,are long and,0,0,0,0
ZH-009,ZH-009-S03,General Examination,4,3,long and dirty,0,0,0,0
ZH-009,ZH-009-S03,General Examination,5,3,and dirty which,0,0,0,0
ZH-009,ZH-009-S03,General Examination,6,3,dirty which is,0,0,0,0
ZH-009,ZH-009-S03,General Examination,7,3,which is normal,0,0,0,0
ZH-009,ZH-009-S03,General Examination,0,4,pinky finger nails are,0,0,0,0
ZH-009,ZH-009-S03,General Examination,1,4,finger nails are long,0,0,0,0
ZH-009,ZH-009-S03,General Examination,2,4,nails are long and,0,0,0,0
ZH-009,ZH-009-S03,General Examination,3,4,are long and dirty,0,0,0,0
ZH-009,ZH-009-S03,General Examination,4,4,long and dirty which,0,0,0,0
ZH-009,ZH-009-S03,General Examination,5,4,and dirty which is,0,0,0,0
ZH-009,ZH-009-S03,General Examination,6,4,dirty which is normal,0,0,0,0
ZH-009,ZH-009-S03,General Examination,0,5,pinky finger nails are long,0,0,0,0
ZH-009,ZH-009-S03,General Examination,1,5,finger nails are long and,0,0,0,0
ZH-009,ZH-009-S03,General Examination,2,5,nails are long and dirty,0,0,0,0
ZH-009,ZH-009-S03,General Examination,3,5,are long and dirty which,0,0,0,0
ZH-009,ZH-009-S03,General Examination,4,5,long and dirty which is,0,0,0,0
ZH-009,ZH-009-S03,General Examination,5,5,and dirty which is normal,0,0,0,0
ZH-009,ZH-009-S04,General Examination,0,1,every,0,0,0,0
ZH-009,ZH-009-S04,General Examination,1,1,member,0,0,0,0
ZH-009,ZH-009-S04,General Examination,2,1,is,0,0,0,0
ZH-009,ZH-009-S04,General Examination,3,1,in,0,0,0,0
ZH-009,ZH-009-S04,General Examination,4,1,its,0,0,0,0
ZH-009,ZH-009-S04,General Examination,5,1,place,0,0,0,0
ZH-009,ZH-009-S04,General Examination,0,2,every member,0,0,0,0
ZH-009,ZH-009-S04,General Examination,1,2,member is,0,0,0,0
ZH-009,ZH-009-S04,General Examination,2,2,is in,0,0,0,0
ZH-009,ZH-009-S04,General Examination,3,2,in its,0,0,0,0
ZH-009,ZH-009-S04,General Examination,4,2,its place,0,0,0,0
ZH-009,ZH-009-S04,General Examination,0,3,every member is,0,0,0,0
ZH-009,ZH-009-S04,General Examination,1,3,member is in,0,0,0,0
ZH-009,ZH-009-S04,General Examination,2,3,is in its,0,0,0,0
ZH-009,ZH-009-S04,General Examination,3,3,in its place,0,0,0,0
ZH-009,ZH-009-S04,General Examination,0,4,every member is in,0,0,0,0
ZH-009,ZH-009-S04,General Examination,1,4,member is in its,0,0,0,0
ZH-009,ZH-009-S04,General Examination,2,4,is in its place,0,0,0,0
ZH-009,ZH-009-S04,General Examination,0,5,every member is in its,0,0,0,0
ZH-009,ZH-009-S04,General Examination,1,5,member is in its place,0,0,0,0
ZH-009,ZH-009-S05,Negative Findings,0,1,the,0,0,0,0
ZH-009,ZH-009-S05,Negative Findings,1,1,patient,0,0,0,0
ZH-009,ZH-009-S05,Negative Findings,2,1,presents,0,0,0,0
ZH-009,ZH-009-S05,Negative Findings,3,1,without,0,0,1,0
ZH-009,ZH-009-S05,Negative Findings,4,1,paralyzed,0,0,0,1
ZH-009,ZH-009-S05,Negative Findings,5,1,limbs,0,0,0,1
ZH-009,ZH-009-S05,Negative Findings,0,2,the patient,0,0,0,0
ZH-009,ZH-009-S05,Negative Findings,1,2,patient presents,0,0,0,0
ZH-009,ZH-009-S05,Negative Findings,2,2,presents without,0,0,0,0
ZH-009,ZH-009-S05,Negative Findings,3,2,without paralyzed,0,0,0,0
ZH-009,ZH-009-S05,Negative Findings,4,2,paralyzed limbs,0,1,0,1
ZH-009,ZH-009-S05,Negative Findings,0,3,the patient presents,0,0,0,0
ZH-009,ZH-009-S05,Negative Findings,1,3,patient presents without,0,0,0,0
ZH-009,ZH-009-S05,Negative Findings,2,3,presents without paralyzed,0,0,0,0
ZH-009,ZH-009-S05,Negative Findings,3,3,without paralyzed limbs,0,0,0,0
ZH-009,ZH-009-S05,Negative Findings,0,4,the patient presents without,0,0,0,0
ZH-009,ZH-009-S05,Negative Findings,1,4,patient presents without paralyzed,0,0,0,0
ZH-009,ZH-009-S05,Negative Findings,2,4,presents without paralyzed limbs,0,0,0,0
ZH-009,ZH-009-S05,Negative Findings,0,5,the patient presents without paralyzed,0,0,0,0
ZH-009,ZH-009-S05,Negative Findings,1,5,patient presents without paralyzed limbs,0,0,0,0
ZH-009,ZH-009-S06,Laboratory Analysis,0,1,blood,0,0,0,0
ZH-009,ZH-009-S06,Laboratory Analysis,1,1,culture,0,0,0,0
ZH-009,ZH-009-S06,Laboratory Analysis,2,1,is,0,0,0,0
ZH-009,ZH-009-S06,Laboratory Analysis,3,1,positive,0,0,0,0
ZH-009,ZH-009-S06,Laboratory Analysis,4,1,for,0,0,0,0
ZH-009,ZH-009-S06,Laboratory Analysis,5,1,cyanobacterium,0,0,0,0
ZH-009,ZH-009-S06,Laboratory Analysis,6,1,zumbi,0,0,0,0
ZH-009,ZH-009-S06,Laboratory Analysis,0,2,blood culture,0,0,0,0
ZH-009,ZH-009-S06,Laboratory Analysis,1,2,culture is,0,0,0,0
ZH-009,ZH-009-S06,Laboratory Analysis,2,2,is positive,0,0,0,0
ZH-009,ZH-009-S06,Laboratory Analysis,3,2,positive for,0,0,0,0
ZH-009,ZH-009-S06,Laboratory Analysis,4,2,for cyanobacterium,0,0,0,0
ZH-009,ZH-009-S06,Laboratory Analysis,5,2,cyanobacterium zumbi,0,0,0,0
ZH-009,ZH-009-S06,Laboratory Analysis,0,3,blood culture is,0,0,0,0
ZH-009,ZH-009-S06,Laboratory Analysis,1,3,culture is positive,0,0,0,0
ZH-009,ZH-009-S06,Laboratory Analysis,2,3,is positive for,0,0,0,0
ZH-009,ZH-009-S06,Laboratory Analysis,3,3,positive for cyanobacterium,0,0,0,0
ZH-009,ZH-009-S06,Laboratory Analysis,4,3,for cyanobacterium zumbi,0,0,0,0
ZH-009,ZH-009-S06,Laboratory Analysis,0,4,blood culture is positive,0,0,0,0
ZH-009,ZH-009-S06,Laboratory Analysis,1,4,culture is positive for,0,0,0,0
ZH-009,ZH-009-S06,Laboratory Analysis,2,4,is positive for cyanobacterium,0,0,0,0
ZH-009,ZH-009-S06,Laboratory Analysis,3,4,positive for cyanobacterium zumbi,0,0,0,0
ZH-009,ZH-009-S06,Laboratory Analysis,0,5,blood culture is positive for,0,0,0,0
ZH-009,ZH-009-S06,Laboratory Analysis,1,5,culture is positive for cyanobacterium,0,0,0,0
ZH-009,ZH-009-S06,Laboratory Analysis,2,5,is positive for cyanobacterium zumbi,0,0,0,0
ZH-009,ZH-009-S07,Clinical History,0,1,the,0,0,0,0
ZH-009,ZH-009-S07,Clinical History,1,1,patient,0,0,0,0
ZH-009,ZH-009-S07,Clinical History,2,1,denies,0,0,1,0
ZH-009,ZH-009-S07,Clinical History,3,1,previous,0,0,0,1
ZH-009,ZH-009-S07,Clinical History,4,1,bite,0,0,0,1
ZH-009,ZH-009-S07,Clinical History,5,1,related,0,0,0,1
ZH-009,ZH-009-S07,Clinical History,6,1,deficit,0,0,0,1
ZH-009,ZH-009-S07,Clinical History,0,2,the patient,0,0,0,0
ZH-009,ZH-009-S07,Clinical History,1,2,patient denies,0,0,0,0
ZH-009,ZH-009-S07,Clinical History,2,2,denies previous,0,0,0,0
ZH-009,ZH-009-S07,Clinical History,3,2,previous bite,0,0,0,1
ZH-009,ZH-009-S07,Clinical History,4,2,bite related,0,0,0,1
ZH-009,ZH-009-S07,Clinical History,5,2,related deficit,0,0,0,1
ZH-009,ZH-009-S07,Clinical History,0,3,the patient denies,0,0,0,0
ZH-009,ZH-009-S07,Clinical History,1,3,patient denies previous,0,0,0,0
ZH-009,ZH-009-S07,Clinical History,2,3,denies previous bite,0,0,0,0
ZH-009,ZH-009-S07,Clinical History,3,3,previous bite related,0,0,0,1
ZH-009,ZH-009-S07,Clinical History,4,3,bite related deficit,1,0,0,1
ZH-009,ZH-009-S07,Clinical History,0,4,the patient denies previous,0,0,0,0
ZH-009,ZH-009-S07,Clinical History,1,4,patient denies previous bite,0,0,0,0
ZH-009,ZH-009-S07,Clinical History,2,4,denies previous bite related,0,0,0,0
ZH-009,ZH-009-S07,Clinical History,3,4,previous bite related deficit,0,0,0,1
ZH-009,ZH-009-S07,Clinical History,0,5,the patient denies previous bite,0,0,0,0
ZH-009,ZH-009-S07,Clinical History,1,5,patient denies previous bite related,0,0,0,0
ZH-009,ZH-009-S07,Clinical History,2,5,denies previous bite related deficit,0,0,0,0
ZH-009,ZH-009-S08,Social History,0,1,the,0,0,0,0
ZH-009,ZH-009-S08,Social History,1,1,caretaker,0,0,0,0
ZH-009,ZH-009-S08,Social History,2,1,received,0,0,0,0
ZH-009,ZH-009-S08,Social History,3,1,a,0,0,0,0
ZH-009,ZH-009-S08,Social History,4,1,leaflet,0,0,0,0
ZH-009,ZH-009-S08,Social History,5,1,about,0,0,0,0
ZH-009,ZH-009-S08,Social History,6,1,infection,0,0,0,0
ZH-009,ZH-009-S08,Social History,7,1,prevention,0,0,0,0
ZH-009,ZH-009-S08,Social History,0,2,the caretaker,0,0,0,0
ZH-009,ZH-009-S08,Social History,1,2,caretaker received,0,0,0,0
ZH-009,ZH-009-S08,Social History,2,2,received a,0,0,0,0
ZH-009,ZH-009-S08,Social History,3,2,a leaflet,0,0,0,0
ZH-009,ZH-009-S08,Social History,4,2,leaflet about,0,0,0,0
ZH-009,ZH-009-S08,Social History,5,2,about infection,0,0,0,0
ZH-009,ZH-009-S08,Social History,6,2,infection prevention,0,0,0,0
ZH-009,ZH-009-S08,Social History,0,3,the caretaker received,0,0,0,0
ZH-009,ZH-009-S08,Social History,1,3,caretaker received a,0,0,0,0
ZH-009,ZH-009-S08,Social History,2,3,received a leaflet,0,0,0,0
ZH-009,ZH-009-S08,Social History,3,3,a leaflet about,0,0,0,0
ZH-009,ZH-009-S08,Social History,4,3,leaflet about infection,0,0,0,0
ZH-009,ZH-009-S08,Social History,5,3,about infection prevention,0,0,0,0
ZH-009,ZH-009-S08,Social History,0,4,the caretaker received a,0,0,0,0
ZH-009,ZH-009-S08,Social History,1,4,caretaker received a leaflet,0,0,0,0
ZH-009,ZH-009-S08,Social History,2,4,received a leaflet about,0,0,0,0
ZH-009,ZH-009-S08,Social History,3,4,a leaflet about infection,0,0,0,0
ZH-009,ZH-009-S08,Social History,4,4,leaflet about infection prevention,0,0,0,0
ZH-009,ZH-009-S08,Social History,0,5,the caretaker received a leaflet,0,0,0,0
ZH-009,ZH-009-S08,Social History,1,5,caretaker received a leaflet about,0,0,0,0
ZH-009,ZH-009-S08,Social History,2,5,received a leaflet about infection,0,0,0,0
ZH-009,ZH-009-S08,Social History,3,5,a leaflet about infection prevention,0,0,0,0
ZH-009,ZH-009-S09,Assessment,0,1,findings,0,0,0,0
ZH-009,ZH-009-S09,Assessment,1,1,are,0,0,0,0
ZH-009,ZH-009-S09,Assessment,2,1,consistent,0,0,0,0
ZH-009,ZH-009-S09,Assessment,3,1,with,0,0,0,0
ZH-009,ZH-009-S09,Assessment,4,1,bacterial,0,0,0,0
ZH-009,ZH-009-S09,Assessment,5,1,infectious,0,0,0,0
ZH-009,ZH-009-S09,Assessment,6,1,process,0,0,0,0
ZH-009,ZH-009-S09,Assessment,0,2,findings are,0,0,0,0
ZH-009,ZH-009-S09,Assessment,1,2,are consistent,0,0,0,0
ZH-009,ZH-009-S09,Assessment,2,2,consistent with,0,0,0,0
ZH-009,ZH-009-S09,Assessment,3,2,with bacterial,0,0,0,0
ZH-009,ZH-009-S09,Assessment,4,2,bacterial infectious,0,0,0,0
ZH-009,ZH-009-S09,Assessment,5,2,infectious process,0,0,0,0
ZH-009,ZH-009-S09,Assessment,0,3,findings are consistent,0,0,0,0
ZH-009,ZH-009-S09,Assessment,1,3,are consistent with,0,0,0,0
ZH-009,ZH-009-S09,Assessment,2,3,consistent with bacterial,0,0,0,0
ZH-009,ZH-009-S09,Assessment,3,3,with bacterial infectious,0,0,0,0
ZH-009,ZH-009-S09,Assessment,4,3,bacterial infectious process,1,0,0,0
ZH-009,ZH-009-S09,Assessment,0,4,findings are consistent with,0,0,0,0
ZH-009,ZH-009-S09,Assessment,1,4,are consistent with bacterial,0,0,0,0
ZH-009,ZH-009-S09,Assessment,2,4,consistent with bacterial infectious,0,0,0,0
ZH-009,ZH-009-S09,Assessment,3,4,with bacterial infectious process,0,0,0,0
ZH-009,ZH-009-S09,Assessment,0,5,findings are consistent with bacterial,0,0,0,0
ZH-009,ZH-009-S09,Assessment,1,5,are consistent with bacterial infectious,0,0,0,0
ZH-009,ZH-009-S09,Assessment,2,5,consistent with bacterial infectious process,0,0,0,0
ZH-010,ZH-010-S01,Presentation,0,1,signs,0,0,0,0
ZH-010,ZH-010-S01,Presentation,1,1,of,0,0,0,0
ZH-010,ZH-010-S01,Presentation,2,1,pain,0,0,0,0
ZH-010,ZH-010-S01,Presentation,3,1,in,0,0,0,0
ZH-010,ZH-010-S01,Presentation,4,1,the,0,0,0,0
ZH-010,ZH-010-S01,Presentation,5,1,chest,0,0,0,0
ZH-010,ZH-010-S01,Presentation,6,1,are,0,0,0,0
ZH-010,ZH-010-S01,Presentation,7,1,evident,0,0,0,0
ZH-010,ZH-010-S01,Presentation,0,2,signs of,0,0,0,0
ZH-010,ZH-010-S01,Presentation,1,2,of pain,0,0,0,0
ZH-010,ZH-010-S01,Presentation,2,2,pain in,0,0,0,0
ZH-010,ZH-010-S01,Presentation,3,2,in the,0,0,0,0
ZH-010,ZH-010-S01,Presentation,4,2,the chest,0,0,0,0
ZH-010,ZH-010-S01,Presentation,5,2,chest are,0,0,0,0
ZH-010,ZH-010-S01,Presentation,6,2,are evident,0,0,0,0
ZH-010,ZH-010-S01,Presentation,0,3,signs of pain,0,0,0,0
ZH-010,ZH-010-S01,Presentation,1,3,of pain in,0,0,0,0
ZH-010,ZH-010-S01,Presentation,2,3,pain in the,0,0,0,0
ZH-010,ZH-010-S01,Presentation,3,3,in the chest,0,0,0,0
ZH-010,ZH-010-S01,Presentation,4,3,the chest are,0,0,0,0
ZH-010,ZH-010-S01,Presentation,5,3,chest are evident,0,0,0,0
ZH-010,ZH-010-S01,Presentation,0,4,signs of pain in,0,0,0,0
ZH-010,ZH-010-S01,Presentation,1,4,of pain in the,0,0,0,0
ZH-010,ZH-010-S01,Presentation,2,4,pain in the chest,0,1,0,0
ZH-010,ZH-010-S01,Presentation,3,4,in the chest are,0,0,0,0
ZH-010,ZH-010-S01,Presentation,4,4,the chest are evident,0,0,0,0
ZH-010,ZH-010-S01,Presentation,0,5,signs of pain in the,0,0,0,0
ZH-010,ZH-010-S01,Presentation,1,5,of pain in the chest,0,0,0,0
ZH-010,ZH-010-S01,Presentation,2,5,pain in the chest are,0,0,0,0
ZH-010,ZH-010-S01,Presentation,3,5,in the chest are evident,0,0,0,0
ZH-010,ZH-010-S02,General Examination,0,1,the,0,0,0,0
ZH-010,ZH-010-S02,General Examination,1,1,patient,0,0,0,0
ZH-010,ZH-010-S02,General Examination,2,1,shows,0,0,0,0
ZH-010,ZH-010-S02,General Examination,3,1,a,0,0,0,0
ZH-010,ZH-010-S02,General Examination,4,1,healthy,0,0,0,0
ZH-010,ZH-010-S02,General Examination,5,1,green,0,0,0,0
ZH-010,ZH-010-S02,General Examination,6,1,tongue,0,0,0,0
ZH-010,ZH-010-S02,General Examination,0,2,the patient,0,0,0,0
ZH-010,ZH-010-S02,General Examination,1,2,patient shows,0,0,0,0
ZH-010,ZH-010-S02,General Examination,2,2,shows a,0,0,0,0
ZH-010,ZH-010-S02,General Examination,3,2,a healthy,0,0,0,0
ZH-010,ZH-010-S02,General Examination,4,2,healthy green,0,0,0,0
ZH-010,ZH-010-S02,General Examination,5,2,green tongue,0,0,0,0
ZH-010,ZH-010-S02,General Examination,0,3,the patient shows,0,0,0,0
ZH-010,ZH-010-S02,General Examination,1,3,patient shows a,0,0,0,0
ZH-010,ZH-010-S02,General Examination,2,3,shows a healthy,0,0,0,0
ZH-010,ZH-010-S02,General Examination,3,3,a healthy green,0,0,0,0
ZH-010,ZH-010-S02,General Examination,4,3,healthy green tongue,0,0,0,0
ZH-010,ZH-010-S02,General Examination,0,4,the patient shows a,0,0,0,0
ZH-010,ZH-010-S02,General Examination,1,4,patient shows a healthy,0,0,0,0
ZH-010,ZH-010-S02,General Examination,2,4,shows a healthy green,0,0,0,0
ZH-010,ZH-010-S02,General Examination,3,4,a healthy green tongue,0,0,0,0
ZH-010,ZH-010-S02,General Examination,0,5,the patient shows a healthy,0,0,0,0
ZH-010,ZH-010-S02,General Examination,1,5,patient shows a healthy green,0,0,0,0
ZH-010,ZH-010-S02,General Examination,2,5,shows a healthy green tongue,0,0,0,0
ZH-010,ZH-010-S03,General Examination,0,1,mild,0,0,0,0
ZH-010,ZH-010-S03,General Examination,1,1,anger,0,0,0,0
ZH-010,ZH-010-S03,General Examination,2,1,when,0,0,0,0
ZH-010,ZH-010-S03,General Examination,3,1,hungry,0,0,0,0
ZH-010,ZH-010-S03,General Examination,4,1,which,0,0,0,0
ZH-010,ZH-010-S03,General Examination,5,1,is,0,0,0,0
ZH-010,ZH-010-S03,General Examination,6,1,normal,0,0,0,0
ZH-010,ZH-010-S03,General Examination,0,2,mild anger,0,0,0,0
ZH-010,ZH-010-S03,General Examination,1,2,anger when,0,0,0,0
ZH-010,ZH-010-S03,General Examination,2,2,when hungry,0,0,0,0
ZH-010,ZH-010-S03,General Examination,3,2,hungry which,0,0,0,0
ZH-010,ZH-010-S03,General Examination,4,2,which is,0,0,0,0
ZH-010,ZH-010-S03,General Examination,5,2,is normal,0,0,0,0
ZH-010,ZH-010-S03,General Examination,0,3,mild anger when,0,0,0,0
ZH-010,ZH-010-S03,General Examination,1,3,anger when hungry,0,0,0,0
ZH-010,ZH-010-S03,General Examination,2,3,when hungry which,0,0,0,0
ZH-010,ZH-010-S03,General Examination,3,3,hungry which is,0,0,0,0
ZH-010,ZH-010-S03,General Examination,4,3,which is normal,0,0,0,0
ZH-010,ZH-010-S03,General Examination,0,4,mild anger when hungry,0,0,0,0
ZH-010,ZH-010-S03,General Examination,1,4,anger when hungry which,0,0,0,0
ZH-010,ZH-010-S03,General Examination,2,4,when hungry which is,0,0,0,0
ZH-010,ZH-010-S03,General Examination,3,4,hungry which is normal,0,0,0,0
ZH-010,ZH-010-S03,General Examination,0,5,mild anger when hungry which,0,0,0,0
ZH-010,ZH-010-S03,General Examination,1,5,anger when hungry which is,0,0,0,0
ZH-010,ZH-010-S03,General Examination,2,5,when hungry which is normal,0,0,0,0
ZH-010,ZH-010-S04,Negative Findings,0,1,no,0,0,1,0
ZH-010,ZH-010-S04,Negative Findings,1,1,signs,0,0,0,1
ZH-010,ZH-010-S04,Negative Findings,2,1,of,0,0,0,1
ZH-010,ZH-010-S04,Negative Findings,3,1,yellow,0,0,0,1
ZH-010,ZH-010-S04,Negative Findings,4,1,tongue,0,0,0,1
ZH-010,ZH-010-S04,Negative Findings,0,2,no signs,0,0,0,0
ZH-010,ZH-010-S04,Negative Findings,1,2,signs of,0,0,0,1
ZH-010,ZH-010-S04,Negative Findings,2,2,of yellow,0,0,0,1
ZH-010,ZH-010-S04,Negative Findings,3,2,yellow tongue,0,1,0,1
ZH-010,ZH-010-S04,Negative Findings,0,3,no signs of,0,0,0,0
ZH-010,ZH-010-S04,Negative Findings,1,3,signs of yellow,0,0,0,1
ZH-010,ZH-010-S04,Negative Findings,2,3,of yellow tongue,0,0,0,1
ZH-010,ZH-010-S04,Negative Findings,0,4,no signs of yellow,0,0,0,0
ZH-010,ZH-010-S04,Negative Findings,1,4,signs of yellow tongue,0,0,0,1
ZH-010,ZH-010-S04,Negative Findings,0,5,no signs of yellow tongue,0,0,0,0
ZH-010,ZH-010-S05,Laboratory Analysis,0,1,laboratory,0,0,0,0
ZH-010,ZH-010-S05,Laboratory Analysis,1,1,tests,0,0,0,0
ZH-010,ZH-010-S05,Laboratory Analysis,2,1,isolated,0,0,0,0
ZH-010,ZH-010-S05,Laboratory Analysis,3,1,deltaretrovirus,0,0,0,0
ZH-010,ZH-010-S05,Laboratory Analysis,4,1,zumbi,0,0,0,0
ZH-010,ZH-010-S05,Laboratory Analysis,0,2,laboratory tests,0,0,0,0
ZH-010,ZH-010-S05,Laboratory Analysis,1,2,tests isolated,0,0,0,0
ZH-010,ZH-010-S05,Laboratory Analysis,2,2,isolated deltaretrovirus,0,0,0,0
ZH-010,ZH-010-S05,Laboratory Analysis,3,2,deltaretrovirus zumbi,0,0,0,0
ZH-010,ZH-010-S05,Laboratory Analysis,0,3,laboratory tests isolated,0,0,0,0
ZH-010,ZH-010-S05,Laboratory Analysis,1,3,tests isolated deltaretrovirus,0,0,0,0
ZH-010,ZH-010-S05,Laboratory Analysis,2,3,isolated deltaretrovirus zumbi,0,0,0,0
ZH-010,ZH-010-S05,Laboratory Analysis,0,4,laboratory tests isolated deltaretrovirus,0,0,0,0
ZH-010,ZH-010-S05,Laboratory Analysis,1,4,tests isolated deltaretrovirus zumbi,0,0,0,0
ZH-010,ZH-010-S05,Laboratory Analysis,0,5,laboratory tests isolated deltaretrovirus zumbi,0,0,0,0
ZH-010,ZH-010-S06,Clinical History,0,1,no,0,0,1,0
ZH-010,ZH-010-S06,Clinical History,1,1,previous,0,0,0,1
ZH-010,ZH-010-S06,Clinical History,2,1,diagnosis,0,0,0,1
ZH-010,ZH-010-S06,Clinical History,3,1,was,0,0,0,1
ZH-010,ZH-010-S06,Clinical History,4,1,recorded,0,0,0,1
ZH-010,ZH-010-S06,Clinical History,0,2,no previous,0,0,0,0
ZH-010,ZH-010-S06,Clinical History,1,2,previous diagnosis,0,0,0,1
ZH-010,ZH-010-S06,Clinical History,2,2,diagnosis was,0,0,0,1
ZH-010,ZH-010-S06,Clinical History,3,2,was recorded,0,0,0,1
ZH-010,ZH-010-S06,Clinical History,0,3,no previous diagnosis,0,0,0,0
ZH-010,ZH-010-S06,Clinical History,1,3,previous diagnosis was,0,0,0,1
ZH-010,ZH-010-S06,Clinical History,2,3,diagnosis was recorded,0,0,0,1
ZH-010,ZH-010-S06,Clinical History,0,4,no previous diagnosis was,0,0,0,0
ZH-010,ZH-010-S06,Clinical History,1,4,previous diagnosis was recorded,0,0,0,1
ZH-010,ZH-010-S06,Clinical History,0,5,no previous diagnosis was recorded,0,0,0,0
ZH-010,ZH-010-S07,Social History,0,1,the,0,0,0,0
ZH-010,ZH-010-S07,Social History,1,1,patient,0,0,0,0
ZH-010,ZH-010-S07,Social History,2,1,keeps,0,0,0,0
ZH-010,ZH-010-S07,Social History,3,1,spare,0,0,0,0
ZH-010,ZH-010-S07,Social History,4,1,brains,0,0,0,0
ZH-010,ZH-010-S07,Social History,5,1,in,0,0,0,0
ZH-010,ZH-010-S07,Social History,6,1,a,0,0,0,0
ZH-010,ZH-010-S07,Social History,7,1,wooden,0,0,0,0
ZH-010,ZH-010-S07,Social History,8,1,chest,0,0,0,0
ZH-010,ZH-010-S07,Social History,0,2,the patient,0,0,0,0
ZH-010,ZH-010-S07,Social History,1,2,patient keeps,0,0,0,0
ZH-010,ZH-010-S07,Social History,2,2,keeps spare,0,0,0,0
ZH-010,ZH-010-S07,Social History,3,2,spare brains,0,0,0,0
ZH-010,ZH-010-S07,Social History,4,2,brains in,0,0,0,0
ZH-010,ZH-010-S07,Social History,5,2,in a,0,0,0,0
ZH-010,ZH-010-S07,Social History,6,2,a wooden,0,0,0,0
ZH-010,ZH-010-S07,Social History,7,2,wooden chest,0,0,0,0
ZH-010,ZH-010-S07,Social History,0,3,the patient keeps,0,0,0,0
ZH-010,ZH-010-S07,Social History,1,3,patient keeps spare,0,0,0,0
ZH-010,ZH-010-S07,Social History,2,3,keeps spare brains,0,0,0,0
ZH-010,ZH-010-S07,Social History,3,3,spare brains in,0,0,0,0
ZH-010,ZH-010-S07,Social History,4,3,brains in a,0,0,0,0
ZH-010,ZH-010-S07,Social History,5,3,in a wooden,0,0,0,0
ZH-010,ZH-010-S07,Social History,6,3,a wooden chest,0,0,0,0
ZH-010,ZH-010-S07,Social History,0,4,the patient keeps spare,0,0,0,0
ZH-010,ZH-010-S07,Social History,1,4,patient keeps spare brains,0,0,0,0
ZH-010,ZH-010-S07,Social History,2,4,keeps spare brains in,0,0,0,0
ZH-010,ZH-010-S07,Social History,3,4,spare brains in a,0,0,0,0
ZH-010,ZH-010-S07,Social History,4,4,brains in a wooden,0,0,0,0
ZH-010,ZH-010-S07,Social History,5,4,in a wooden chest,0,0,0,0
ZH-010,ZH-010-S07,Social History,0,5,the patient keeps spare brains,0,0,0,0
ZH-010,ZH-010-S07,Social History,1,5,patient keeps spare brains in,0,0,0,0
ZH-010,ZH-010-S07,Social History,2,5,keeps spare brains in a,0,0,0,0
ZH-010,ZH-010-S07,Social History,3,5,spare brains in a wooden,0,0,0,0
ZH-010,ZH-010-S07,Social History,4,5,brains in a wooden chest,0,0,0,0
ZH-010,ZH-010-S08,Social History,0,1,mother,0,0,0,0
ZH-010,ZH-010-S08,Social History,1,1,tongue,0,0,0,0
ZH-010,ZH-010-S08,Social History,2,1,zombish,0,0,0,0
ZH-010,ZH-010-S08,Social History,0,2,mother tongue,0,0,0,0
ZH-010,ZH-010-S08,Social History,1,2,tongue zombish,0,0,0,0
ZH-010,ZH-010-S08,Social History,0,3,mother tongue zombish,0,0,0,0
ZH-010,ZH-010-S09,Assessment,0,1,the,0,0,0,0
ZH-010,ZH-010-S09,Assessment,1,1,patient,0,0,0,0
ZH-010,ZH-010-S09,Assessment,2,1,was,0,0,0,0
ZH-010,ZH-010-S09,Assessment,3,1,diagnosed,0,0,0,0
ZH-010,ZH-010-S09,Assessment,4,1,with,0,0,0,0
ZH-010,ZH-010-S09,Assessment,5,1,infection,0,0,0,0
ZH-010,ZH-010-S09,Assessment,6,1,of,0,0,0,0
ZH-010,ZH-010-S09,Assessment,7,1,viral,0,0,0,0
ZH-010,ZH-010-S09,Assessment,8,1,origin,0,0,0,0
ZH-010,ZH-010-S09,Assessment,0,2,the patient,0,0,0,0
ZH-010,ZH-010-S09,Assessment,1,2,patient was,0,0,0,0
ZH-010,ZH-010-S09,Assessment,2,2,was diagnosed,0,0,0,0
ZH-010,ZH-010-S09,Assessment,3,2,diagnosed with,0,0,0,0
ZH-010,ZH-010-S09,Assessment,4,2,with infection,0,0,0,0
ZH-010,ZH-010-S09,Assessment,5,2,infection of,0,0,0,0
ZH-010,ZH-010-S09,Assessment,6,2,of viral,0,0,0,0
ZH-010,ZH-010-S09,Assessment,7,2,viral origin,0,0,0,0
ZH-010,ZH-010-S09,Assessment,0,3,the patient was,0,0,0,0
ZH-010,ZH-010-S09,Assessment,1,3,patient was diagnosed,0,0,0,0
ZH-010,ZH-010-S09,Assessment,2,3,was diagnosed with,0,0,0,0
ZH-010,ZH-010-S09,Assessment,3,3,diagnosed with infection,0,0,0,0
ZH-010,ZH-010-S09,Assessment,4,3,with infection of,0,0,0,0
ZH-010,ZH-010-S09,Assessment,5,3,infection of viral,0,0,0,0
ZH-010,ZH-010-S09,Assessment,6,3,of viral origin,0,0,0,0
ZH-010,ZH-010-S09,Assessment,0,4,the patient was diagnosed,0,0,0,0
ZH-010,ZH-010-S09,Assessment,1,4,patient was diagnosed with,0,0,0,0
ZH-010,ZH-010-S09,Assessment,2,4,was diagnosed with infection,0,0,0,0
ZH-010,ZH-010-S09,Assessment,3,4,diagnosed with infection of,0,0,0,0
ZH-010,ZH-010-S09,Assessment,4,4,with infection of viral,0,0,0,0
ZH-010,ZH-010-S09,Assessment,5,4,infection of viral origin,1,0,0,0
ZH-010,ZH-010-S09,Assessment,0,5,the patient was diagnosed with,0,0,0,0
ZH-010,ZH-010-S09,Assessment,1,5,patient was diagnosed with infection,0,0,0,0
ZH-010,ZH-010-S09,Assessment,2,5,was diagnosed with infection of,0,0,0,0
ZH-010,ZH-010-S09,Assessment,3,5,diagnosed with infection of viral,0,0,0,0
ZH-010,ZH-010-S09,Assessment,4,5,with infection of viral origin,0,0,0,0
ZH-011,ZH-011-S01,Presentation,0,1,signs,0,0,0,0
ZH-011,ZH-011-S01,Presentation,1,1,of,0,0,0,0
ZH-011,ZH-011-S01,Presentation,2,1,missing,0,0,0,0
ZH-011,ZH-011-S01,Presentation,3,1,limb,0,0,0,0
ZH-011,ZH-011-S01,Presentation,4,1,are,0,0,0,0
ZH-011,ZH-011-S01,Presentation,5,1,evident,0,0,0,0
ZH-011,ZH-011-S01,Presentation,0,2,signs of,0,0,0,0
ZH-011,ZH-011-S01,Presentation,1,2,of missing,0,0,0,0
ZH-011,ZH-011-S01,Presentation,2,2,missing limb,0,1,0,0
ZH-011,ZH-011-S01,Presentation,3,2,limb are,0,0,0,0
ZH-011,ZH-011-S01,Presentation,4,2,are evident,0,0,0,0
ZH-011,ZH-011-S01,Presentation,0,3,signs of missing,0,0,0,0
ZH-011,ZH-011-S01,Presentation,1,3,of missing limb,0,0,0,0
ZH-011,ZH-011-S01,Presentation,2,3,missing limb are,0,0,0,0
ZH-011,ZH-011-S01,Presentation,3,3,limb are evident,0,0,0,0
ZH-011,ZH-011-S01,Presentation,0,4,signs of missing limb,0,0,0,0
ZH-011,ZH-011-S01,Presentation,1,4,of missing limb are,0,0,0,0
ZH-011,ZH-011-S01,Presentation,2,4,missing limb are evident,0,0,0,0
ZH-011,ZH-011-S01,Presentation,0,5,signs of missing limb are,0,0,0,0
ZH-011,ZH-011-S01,Presentation,1,5,of missing limb are evident,0,0,0,0
ZH-011,ZH-011-S02,Presentation,0,1,the,0,0,0,0
ZH-011,ZH-011-S02,Presentation,1,1,patient,0,0,0,0
ZH-011,ZH-011-S02,Presentation,2,1,presents,0,0,0,0
ZH-011,ZH-011-S02,Presentation,3,1,with,0,0,0,0
ZH-011,ZH-011-S02,Presentation,4,1,yellow,0,0,0,0
ZH-011,ZH-011-S02,Presentation,5,1,tongue,0,0,0,0
ZH-011,ZH-011-S02,Presentation,0,2,the patient,0,0,0,0
ZH-011,ZH-011-S02,Presentation,1,2,patient presents,0,0,0,0
ZH-011,ZH-011-S02,Presentation,2,2,presents with,0,0,0,0
ZH-011,ZH-011-S02,Presentation,3,2,with yellow,0,0,0,0
ZH-011,ZH-011-S02,Presentation,4,2,yellow tongue,0,1,0,0
ZH-011,ZH-011-S02,Presentation,0,3,the patient presents,0,0,0,0
ZH-011,ZH-011-S02,Presentation,1,3,patient presents with,0,0,0,0
ZH-011,ZH-011-S02,Presentation,2,3,presents with yellow,0,0,0,0
ZH-011,ZH-011-S02,Presentation,3,3,with yellow tongue,0,0,0,0
ZH-011,ZH-011-S02,Presentation,0,4,the patient presents with,0,0,0,0
ZH-011,ZH-011-S02,Presentation,1,4,patient presents with yellow,0,0,0,0
ZH-011,ZH-011-S02,Presentation,2,4,presents with yellow tongue,0,0,0,0
ZH-011,ZH-011-S02,Presentation,0,5,the patient presents with yellow,0,0,0,0
ZH-011,ZH-011-S02,Presentation,1,5,patient presents with yellow tongue,0,0,0,0
ZH-011,ZH-011-S03,General Examination,0,1,limbs,0,0,0,0
ZH-011,ZH-011-S03,General Examination,1,1,move,0,0,0,0
ZH-011,ZH-011-S03,General Examination,2,1,slowly,0,0,0,0
ZH-011,ZH-011-S03,General Examination,3,1,as,0,0,0,0
ZH-011,ZH-011-S03,General Examination,4,1,usual,0,0,0,0
ZH-011,ZH-011-S03,General Examination,5,1,for,0,0,0,0
ZH-011,ZH-011-S03,General Examination,6,1,zombies,0,0,0,0
ZH-011,ZH-011-S03,General Examination,0,2,limbs move,0,0,0,0
ZH-011,ZH-011-S03,General Examination,1,2,move slowly,0,0,0,0
ZH-011,ZH-011-S03,General Examination,2,2,slowly as,0,0,0,0
ZH-011,ZH-011-S03,General Examination,3,2,as usual,0,0,0,0
ZH-011,ZH-011-S03,General Examination,4,2,usual for,0,0,0,0
ZH-011,ZH-011-S03,General Examination,5,2,for zombies,0,0,0,0
ZH-011,ZH-011-S03,General Examination,0,3,limbs move slowly,0,0,0,0
ZH-011,ZH-011-S03,General Examination,1,3,move slowly as,0,0,0,0
ZH-011,ZH-011-S03,General Examination,2,3,slowly as usual,0,0,0,0
ZH-011,ZH-011-S03,General Examination,3,3,as usual for,0,0,0,0
ZH-011,ZH-011-S03,General Examination,4,3,usual for zombies,0,0,0,0
ZH-011,ZH-011-S03,General Examination,0,4,limbs move slowly as,0,0,0,0
ZH-011,ZH-011-S03,General Examination,1,4,move slowly as usual,0,0,0,0
ZH-011,ZH-011-S03,General Examination,2,4,slowly as usual for,0,0,0,0
ZH-011,ZH-011-S03,General Examination,3,4,as usual for zombies,0,0,0,0
ZH-011,ZH-011-S03,General Examination,0,5,limbs move slowly as usual,0,0,0,0
ZH-011,ZH-011-S03,General Examination,1,5,move slowly as usual for,0,0,0,0
ZH-011,ZH-011-S03,General Examination,2,5,slowly as usual for zombies,0,0,0,0
ZH-011,ZH-011-S04,Negative Findings,0,1,absence,0,0,1,0
ZH-011,ZH-011-S04,Negative Findings,1,1,of,0,0,0,1
ZH-011,ZH-011-S04,Negative Findings,2,1,shaking,0,0,0,1
ZH-011,ZH-011-S04,Negative Findings,3,1,of,0,0,0,1
ZH-011,ZH-011-S04,Negative Findings,4,1,the,0,0,0,1
ZH-011,ZH-011-S04,Negative Findings,5,1,pinky,0,0,0,1
ZH-011,ZH-011-S04,Negative Findings,6,1,finger,0,0,0,1
ZH-011,ZH-011-S04,Negative Findings,0,2,absence of,0,0,0,0
ZH-011,ZH-011-S04,Negative Findings,1,2,of shaking,0,0,0,1
ZH-011,ZH-011-S04,Negative Findings,2,2,shaking of,0,0,0,1
ZH-011,ZH-011-S04,Negative Findings,3,2,of the,0,0,0,1
ZH-011,ZH-011-S04,Negative Findings,4,2,the pinky,0,0,0,1
ZH-011,ZH-011-S04,Negative Findings,5,2,pinky finger,0,0,0,1
ZH-011,ZH-011-S04,Negative Findings,0,3,absence of shaking,0,0,0,0
ZH-011,ZH-011-S04,Negative Findings,1,3,of shaking of,0,0,0,1
ZH-011,ZH-011-S04,Negative Findings,2,3,shaking of the,0,0,0,1
ZH-011,ZH-011-S04,Negative Findings,3,3,of the pinky,0,0,0,1
ZH-011,ZH-011-S04,Negative Findings,4,3,the pinky finger,0,0,0,1
ZH-011,ZH-011-S04,Negative Findings,0,4,absence of shaking of,0,0,0,0
ZH-011,ZH-011-S04,Negative Findings,1,4,of shaking of the,0,0,0,1
ZH-011,ZH-011-S04,Negative Findings,2,4,shaking of the pinky,0,0,0,1
ZH-011,ZH-011-S04,Negative Findings,3,4,of the pinky finger,0,0,0,1
ZH-011,ZH-011-S04,Negative Findings,0,5,absence of shaking of the,0,0,0,0
ZH-011,ZH-011-S04,Negative Findings,1,5,of shaking of the pinky,0,0,0,1
ZH-011,ZH-011-S04,Negative Findings,2,5,shaking of the pinky finger,0,1,0,1
ZH-011,ZH-011-S05,Laboratory Analysis,0,1,blood,0,0,0,0
ZH-011,ZH-011-S05,Laboratory Analysis,1,1,analysis,0,0,0,0
ZH-011,ZH-011-S05,Laboratory Analysis,2,1,returned,0,0,0,0
ZH-011,ZH-011-S05,Laboratory Analysis,3,1,no,0,0,1,0
ZH-011,ZH-011-S05,Laboratory Analysis,4,1,relevant,0,0,0,1
ZH-011,ZH-011-S05,Laboratory Analysis,5,1,findings,0,0,0,1
ZH-011,ZH-011-S05,Laboratory Analysis,0,2,blood analysis,0,0,0,0
ZH-011,ZH-011-S05,Laboratory Analysis,1,2,analysis returned,0,0,0,0
ZH-011,ZH-011-S05,Laboratory Analysis,2,2,returned no,0,0,0,0
ZH-011,ZH-011-S05,Laboratory Analysis,3,2,no relevant,0,0,0,0
ZH-011,ZH-011-S05,Laboratory Analysis,4,2,relevant findings,0,0,0,1
ZH-011,ZH-011-S05,Laboratory Analysis,0,3,blood analysis returned,0,0,0,0
ZH-011,ZH-011-S05,Laboratory Analysis,1,3,analysis returned no,0,0,0,0
ZH-011,ZH-011-S05,Laboratory Analysis,2,3,returned no relevant,0,0,0,0
ZH-011,ZH-011-S05,Laboratory Analysis,3,3,no relevant findings,0,0,0,0
ZH-011,ZH-011-S05,Laboratory Analysis,0,4,blood analysis returned no,0,0,0,0
ZH-011,ZH-011-S05,Laboratory Analysis,1,4,analysis returned no relevant,0,0,0,0
ZH-011,ZH-011-S05,Laboratory Analysis,2,4,returned no relevant findings,0,0,0,0
ZH-011,ZH-011-S05,Laboratory Analysis,0,5,blood analysis returned no relevant,0,0,0,0
ZH-011,ZH-011-S05,Laboratory Analysis,1,5,analysis returned no relevant findings,0,0,0,0
ZH-011,ZH-011-S06,Clinical History,0,1,history,0,0,0,0
ZH-011,ZH-011-S06,Clinical History,1,1,of,0,0,0,0
ZH-011,ZH-011-S06,Clinical History,2,1,infection,0,0,0,0
ZH-011,ZH-011-S06,Clinical History,3,1,of,0,0,0,0
ZH-011,ZH-011-S06,Clinical History,4,1,bacterial,0,0,0,0
ZH-011,ZH-011-S06,Clinical History,5,1,origin,0,0,0,0
ZH-011,ZH-011-S06,Clinical History,0,2,history of,0,0,0,0
ZH-011,ZH-011-S06,Clinical History,1,2,of infection,0,0,0,0
ZH-011,ZH-011-S06,Clinical History,2,2,infection of,0,0,0,0
ZH-011,ZH-011-S06,Clinical History,3,2,of bacterial,0,0,0,0
ZH-011,ZH-011-S06,Clinical History,4,2,bacterial origin,0,0,0,0
ZH-011,ZH-011-S06,Clinical History,0,3,history of infection,0,0,0,0
ZH-011,ZH-011-S06,Clinical History,1,3,of infection of,0,0,0,0
ZH-011,ZH-011-S06,Clinical History,2,3,infection of bacterial,0,0,0,0
ZH-011,ZH-011-S06,Clinical History,3,3,of bacterial origin,0,0,0,0
ZH-011,ZH-011-S06,Clinical History,0,4,history of infection of,0,0,0,0
ZH-011,ZH-011-S06,Clinical History,1,4,of infection of bacterial,0,0,0,0
ZH-011,ZH-011-S06,Clinical History,2,4,infection of bacterial origin,1,0,0,0
ZH-011,ZH-011-S06,Clinical History,0,5,history of infection of bacterial,0,0,0,0
ZH-011,ZH-011-S06,Clinical History,1,5,of infection of bacterial origin,0,0,0,0
ZH-011,ZH-011-S07,Social History,0,1,the,0,0,0,0
ZH-011,ZH-011-S07,Social History,1,1,patient,0,0,0,0
ZH-011,ZH-011-S07,Social History,2,1,speaks,0,0,0,0
ZH-011,ZH-011-S07,Social History,3,1,in,0,0,0,0
ZH-011,ZH-011-S07,Social History,4,1,a,0,0,0,0
ZH-011,ZH-011-S07,Social History,5,1,strange,0,0,0,0
ZH-011,ZH-011-S07,Social History,6,1,tongue,0,0,0,0
ZH-011,ZH-011-S07,Social History,0,2,the patient,0,0,0,0
ZH-011,ZH-011-S07,Social History,1,2,patient speaks,0,0,0,0
ZH-011,ZH-011-S07,Social History,2,2,speaks in,0,0,0,0
ZH-011,ZH-011-S07,Social History,3,2,in a,0,0,0,0
ZH-011,ZH-011-S07,Social History,4,2,a strange,0,0,0,0
ZH-011,ZH-011-S07,Social History,5,2,strange tongue,0,0,0,0
ZH-011,ZH-011-S07,Social History,0,3,the patient speaks,0,0,0,0
ZH-011,ZH-011-S07,Social History,1,3,patient speaks in,0,0,0,0
ZH-011,ZH-011-S07,Social History,2,3,speaks in a,0,0,0,0
ZH-011,ZH-011-S07,Social History,3,3,in a strange,0,0,0,0
ZH-011,ZH-011-S07,Social History,4,3,a strange tongue,0,0,0,0
ZH-011,ZH-011-S07,Social History,0,4,the patient speaks in,0,0,0,0
ZH-011,ZH-011-S07,Social History,1,4,patient speaks in a,0,0,0,0
ZH-011,ZH-011-S07,Social History,2,4,speaks in a strange,0,0,0,0
ZH-011,ZH-011-S07,Social History,3,4,in a strange tongue,0,0,0,0
ZH-011,ZH-011-S07,Social History,0,5,the patient speaks in a,0,0,0,0
ZH-011,ZH-011-S07,Social History,1,5,patient speaks in a strange,0,0,0,0
ZH-011,ZH-011-S07,Social History,2,5,speaks in a strange tongue,0,0,0,0
ZH-011,ZH-011-S08,Social History,0,1,mother,0,0,0,0
ZH-011,ZH-011-S08,Social History,1,1,tongue,0,0,0,0
ZH-011,ZH-011-S08,Social History,2,1,zombish,0,0,0,0
ZH-011,ZH-011-S08,Social History,0,2,mother tongue,0,0,0,0
ZH-011,ZH-011-S08,Social History,1,2,tongue zombish,0,0,0,0
ZH-011,ZH-011-S08,Social History,0,3,mother tongue zombish,0,0,0,0
ZH-011,ZH-011-S09,Assessment,0,1,clinical,0,0,0,0
ZH-011,ZH-011-S09,Assessment,1,1,impression,0,0,0,0
ZH-011,ZH-011-S09,Assessment,2,1,bite,0,0,0,0
ZH-011,ZH-011-S09,Assessment,3,1,related,0,0,0,0
ZH-011,ZH-011-S09,Assessment,4,1,deficit,0,0,0,0
ZH-011,ZH-011-S09,Assessment,0,2,clinical impression,0,0,0,0
ZH-011,ZH-011-S09,Assessment,1,2,impression bite,0,0,0,0
ZH-011,ZH-011-S09,Assessment,2,2,bite related,0,0,0,0
ZH-011,ZH-011-S09,Assessment,3,2,related deficit,0,0,0,0
ZH-011,ZH-011-S09,Assessment,0,3,clinical impression bite,0,0,0,0
ZH-011,ZH-011-S09,Assessment,1,3,impression bite related,0,0,0,0
ZH-011,ZH-011-S09,Assessment,2,3,bite related deficit,1,0,0,0
ZH-011,ZH-011-S09,Assessment,0,4,clinical impression bite related,0,0,0,0
ZH-011,ZH-011-S09,Assessment,1,4,impression bite related deficit,0,0,0,0
ZH-011,ZH-011-S09,Assessment,0,5,clinical impression bite related deficit,0,0,0,0
ZH-012,ZH-012-S01,Presentation,0,1,examination,0,0,0,0
ZH-012,ZH-012-S01,Presentation,1,1,reveals,0,0,0,0
ZH-012,ZH-012-S01,Presentation,2,1,loss,0,0,0,0
ZH-012,ZH-012-S01,Presentation,3,1,of,0,0,0,0
ZH-012,ZH-012-S01,Presentation,4,1,motor,0,0,0,0
ZH-012,ZH-012-S01,Presentation,5,1,control,0,0,0,0
ZH-012,ZH-012-S01,Presentation,0,2,examination reveals,0,0,0,0
ZH-012,ZH-012-S01,Presentation,1,2,reveals loss,0,0,0,0
ZH-012,ZH-012-S01,Presentation,2,2,loss of,0,0,0,0
ZH-012,ZH-012-S01,Presentation,3,2,of motor,0,0,0,0
ZH-012,ZH-012-S01,Presentation,4,2,motor control,0,0,0,0
ZH-012,ZH-012-S01,Presentation,0,3,examination reveals loss,0,0,0,0
ZH-012,ZH-012-S01,Presentation,1,3,reveals loss of,0,0,0,0
ZH-012,ZH-012-S01,Presentation,2,3,loss of motor,0,0,0,0
ZH-012,ZH-012-S01,Presentation,3,3,of motor control,0,0,0,0
ZH-012,ZH-012-S01,Presentation,0,4,examination reveals loss of,0,0,0,0
ZH-012,ZH-012-S01,Presentation,1,4,reveals loss of motor,0,0,0,0
ZH-012,ZH-012-S01,Presentation,2,4,loss of motor control,0,1,0,0
ZH-012,ZH-012-S01,Presentation,0,5,examination reveals loss of motor,0,0,0,0
ZH-012,ZH-012-S01,Presentation,1,5,reveals loss of motor control,0,0,0,0
ZH-012,ZH-012-S02,Presentation,0,1,examination,0,0,0,0
ZH-012,ZH-012-S02,Presentation,1,1,reveals,0,0,0,0
ZH-012,ZH-012-S02,Presentation,2,1,yellow,0,0,0,0
ZH-012,ZH-012-S02,Presentation,3,1,tongue,0,0,0,0
ZH-012,ZH-012-S02,Presentation,0,2,examination reveals,0,0,0,0
ZH-012,ZH-012-S02,Presentation,1,2,reveals yellow,0,0,0,0
ZH-012,ZH-012-S02,Presentation,2,2,yellow tongue,0,1,0,0
ZH-012,ZH-012-S02,Presentation,0,3,examination reveals yellow,0,0,0,0
ZH-012,ZH-012-S02,Presentation,1,3,reveals yellow tongue,0,0,0,0
ZH-012,ZH-012-S02,Presentation,0,4,examination reveals yellow tongue,0,0,0,0
ZH-012,ZH-012-S03,General Examination,0,1,bite,0,0,0,0
ZH-012,ZH-012-S03,General Examination,1,1,force,0,0,0,0
ZH-012,ZH-012-S03,General Examination,2,1,is,0,0,0,0
ZH-012,ZH-012-S03,General Examination,3,1,normal,0,0,0,0
ZH-012,ZH-012-S03,General Examination,4,1,for,0,0,0,0
ZH-012,ZH-012-S03,General Examination,5,1,the,0,0,0,0
ZH-012,ZH-012-S03,General Examination,6,1,species,0,0,0,0
ZH-012,ZH-012-S03,General Examination,0,2,bite force,0,0,0,0
ZH-012,ZH-012-S03,General Examination,1,2,force is,0,0,0,0
ZH-012,ZH-012-S03,General Examination,2,2,is normal,0,0,0,0
ZH-012,ZH-012-S03,General Examination,3,2,normal for,0,0,0,0
ZH-012,ZH-012-S03,General Examination,4,2,for the,0,0,0,0
ZH-012,ZH-012-S03,General Examination,5,2,the species,0,0,0,0
ZH-012,ZH-012-S03,General Examination,0,3,bite force is,0,0,0,0
ZH-012,ZH-012-S03,General Examination,1,3,force is normal,0,0,0,0
ZH-012,ZH-012-S03,General Examination,2,3,is normal for,0,0,0,0
ZH-012,ZH-012-S03,General Examination,3,3,normal for the,0,0,0,0
ZH-012,ZH-012-S03,General Examination,4,3,for the species,0,0,0,0
ZH-012,ZH-012-S03,General Examination,0,4,bite force is normal,0,0,0,0
ZH-012,ZH-012-S03,General Examination,1,4,force is normal for,0,0,0,0
ZH-012,ZH-012-S03,General Examination,2,4,is normal for the,0,0,0,0
ZH-012,ZH-012-S03,General Examination,3,4,normal for the species,0,0,0,0
ZH-012,ZH-012-S03,General Examination,0,5,bite force is normal for,0,0,0,0
ZH-012,ZH-012-S03,General Examination,1,5,force is normal for the,0,0,0,0
ZH-012,ZH-012-S03,General Examination,2,5,is normal for the species,0,0,0,0
ZH-012,ZH-012-S04,General Examination,0,1,each,0,0,0,0
ZH-012,ZH-012-S04,General Examination,1,1,limb,0,0,0,0
ZH-012,ZH-012-S04,General Examination,2,1,is,0,0,0,0
ZH-012,ZH-012-S04,General Examination,3,1,firmly,0,0,0,0
ZH-012,ZH-012-S04,General Examination,4,1,attached,0,0,0,0
ZH-012,ZH-012-S04,General Examination,0,2,each limb,0,0,0,0
ZH-012,ZH-012-S04,General Examination,1,2,limb is,0,0,0,0
ZH-012,ZH-012-S04,General Examination,2,2,is firmly,0,0,0,0
ZH-012,ZH-012-S04,General Examination,3,2,firmly attached,0,0,0,0
ZH-012,ZH-012-S04,General Examination,0,3,each limb is,0,0,0,0
ZH-012,ZH-012-S04,General Examination,1,3,limb is firmly,0,0,0,0
ZH-012,ZH-012-S04,General Examination,2,3,is firmly attached,0,0,0,0
ZH-012,ZH-012-S04,General Examination,0,4,each limb is firmly,0,0,0,0
ZH-012,ZH-012-S04,General Examination,1,4,limb is firmly attached,0,0,0,0
ZH-012,ZH-012-S04,General Examination,0,5,each limb is firmly attached,0,0,0,0
ZH-012,ZH-012-S05,Negative Findings,0,1,the,0,0,0,0
ZH-012,ZH-012-S05,Negative Findings,1,1,patient,0,0,0,0
ZH-012,ZH-012-S05,Negative Findings,2,1,is,0,0,0,0
ZH-012,ZH-012-S05,Negative Findings,3,1,free,0,0,0,0
ZH-012,ZH-012-S05,Negative Findings,4,1,of,0,0,0,0
ZH-012,ZH-012-S05,Negative Findings,5,1,shaking,0,0,0,1
ZH-012,ZH-012-S05,Negative Findings,6,1,of,0,0,0,1
ZH-012,ZH-012-S05,Negative Findings,7,1,the,0,0,0,1
ZH-012,ZH-012-S05,Negative Findings,8,1,pinky,0,0,0,1
ZH-012,ZH-012-S05,Negative Findings,9,1,finger,0,0,0,1
ZH-012,ZH-012-S05,Negative Findings,0,2,the patient,0,0,0,0
ZH-012,ZH-012-S05,Negative Findings,1,2,patient is,0,0,0,0
ZH-012,ZH-012-S05,Negative Findings,2,2,is free,0,0,0,0
ZH-012,ZH-012-S05,Negative Findings,3,2,free of,0,0,1,0
ZH-012,ZH-012-S05,Negative Findings,4,2,of shaking,0,0,0,0
ZH-012,ZH-012-S05,Negative Findings,5,2,shaking of,0,0,0,1
ZH-012,ZH-012-S05,Negative Findings,6,2,of the,0,0,0,1
ZH-012,ZH-012-S05,Negative Findings,7,2,the pinky,0,0,0,1
ZH-012,ZH-012-S05,Negative Findings,8,2,pinky finger,0,0,0,1
ZH-012,ZH-012-S05,Negative Findings,0,3,the patient is,0,0,0,0
ZH-012,ZH-012-S05,Negative Findings,1,3,patient is free,0,0,0,0
ZH-012,ZH-012-S05,Negative Findings,2,3,is free of,0,0,0,0
ZH-012,ZH-012-S05,Negative Findings,3,3,free of shaking,0,0,0,0
ZH-012,ZH-012-S05,Negative Findings,4,3,of shaking of,0,0,0,0
ZH-012,ZH-012-S05,Negative Findings,5,3,shaking of the,0,0,0,1
ZH-012,ZH-012-S05,Negative Findings,6,3,of the pinky,0,0,0,1
ZH-012,ZH-012-S05,Negative Findings,7,3,the pinky finger,0,0,0,1
ZH-012,ZH-012-S05,Negative Findings,0,4,the patient is free,0,0,0,0
ZH-012,ZH-012-S05,Negative Findings,1,4,patient is free of,0,0,0,0
ZH-012,ZH-012-S05,Negative Findings,2,4,is free of shaking,0,0,0,0
ZH-012,ZH-012-S05,Negative Findings,3,4,free of shaking of,0,0,0,0
ZH-012,ZH-012-S05,Negative Findings,4,4,of shaking of the,0,0,0,0
ZH-012,ZH-012-S05,Negative Findings,5,4,shaking of the pinky,0,0,0,1
ZH-012,ZH-012-S05,Negative Findings,6,4,of the pinky finger,0,0,0,1
ZH-012,ZH-012-S05,Negative Findings,0,5,the patient is free of,0,0,0,0
ZH-012,ZH-012-S05,Negative Findings,1,5,patient is free of shaking,0,0,0,0
ZH-012,ZH-012-S05,Negative Findings,2,5,is free of shaking of,0,0,0,0
ZH-012,ZH-012-S05,Negative Findings,3,5,free of shaking of the,0,0,0,0
ZH-012,ZH-012-S05,Negative Findings,4,5,of shaking of the pinky,0,0,0,0
ZH-012,ZH-012-S05,Negative Findings,5,5,shaking of the pinky finger,0,1,0,1
ZH-012,ZH-012-S06,Negative Findings,0,1,absence,0,0,1,0
ZH-012,ZH-012-S06,Negative Findings,1,1,of,0,0,0,1
ZH-012,ZH-012-S06,Negative Findings,2,1,pain,0,0,0,1
ZH-012,ZH-012-S06,Negative Findings,3,1,in,0,0,0,1
ZH-012,ZH-012-S06,Negative Findings,4,1,the,0,0,0,1
ZH-012,ZH-012-S06,Negative Findings,5,1,chest,0,0,0,1
ZH-012,ZH-012-S06,Negative Findings,0,2,absence of,0,0,0,0
ZH-012,ZH-012-S06,Negative Findings,1,2,of pain,0,0,0,1
ZH-012,ZH-012-S06,Negative Findings,2,2,pain in,0,0,0,1
ZH-012,ZH-012-S06,Negative Findings,3,2,in the,0,0,0,1
ZH-012,ZH-012-S06,Negative Findings,4,2,the chest,0,0,0,1
ZH-012,ZH-012-S06,Negative Findings,0,3,absence of pain,0,0,0,0
ZH-012,ZH-012-S06,Negative Findings,1,3,of pain in,0,0,0,1
ZH-012,ZH-012-S06,Negative Findings,2,3,pain in the,0,0,0,1
ZH-012,ZH-012-S06,Negative Findings,3,3,in the chest,0,0,0,1
ZH-012,ZH-012-S06,Negative Findings,0,4,absence of pain in,0,0,0,0
ZH-012,ZH-012-S06,Negative Findings,1,4,of pain in the,0,0,0,1
ZH-012,ZH-012-S06,Negative Findings,2,4,pain in the chest,0,1,0,1
ZH-012,ZH-012-S06,Negative Findings,0,5,absence of pain in the,0,0,0,0
ZH-012,ZH-012-S06,Negative Findings,1,5,of pain in the chest,0,0,0,1
ZH-012,ZH-012-S07,Laboratory Analysis,0,1,blood,0,0,0,0
ZH-012,ZH-012-S07,Laboratory Analysis,1,1,culture,0,0,0,0
ZH-012,ZH-012-S07,Laboratory Analysis,2,1,is,0,0,0,0
ZH-012,ZH-012-S07,Laboratory Analysis,3,1,positive,0,0,0,0
ZH-012,ZH-012-S07,Laboratory Analysis,4,1,for,0,0,0,0
ZH-012,ZH-012-S07,Laboratory Analysis,5,1,cyanobacterium,0,0,0,0
ZH-012,ZH-012-S07,Laboratory Analysis,6,1,zumbi,0,0,0,0
ZH-012,ZH-012-S07,Laboratory Analysis,0,2,blood culture,0,0,0,0
ZH-012,ZH-012-S07,Laboratory Analysis,1,2,culture is,0,0,0,0
ZH-012,ZH-012-S07,Laboratory Analysis,2,2,is positive,0,0,0,0
ZH-012,ZH-012-S07,Laboratory Analysis,3,2,positive for,0,0,0,0
ZH-012,ZH-012-S07,Laboratory Analysis,4,2,for cyanobacterium,0,0,0,0
ZH-012,ZH-012-S07,Laboratory Analysis,5,2,cyanobacterium zumbi,0,0,0,0
ZH-012,ZH-012-S07,Laboratory Analysis,0,3,blood culture is,0,0,0,0
ZH-012,ZH-012-S07,Laboratory Analysis,1,3,culture is positive,0,0,0,0
ZH-012,ZH-012-S07,Laboratory Analysis,2,3,is positive for,0,0,0,0
ZH-012,ZH-012-S07,Laboratory Analysis,3,3,positive for cyanobacterium,0,0,0,0
ZH-012,ZH-012-S07,Laboratory Analysis,4,3,for cyanobacterium zumbi,0,0,0,0
ZH-012,ZH-012-S07,Laboratory Analysis,0,4,blood culture is positive,0,0,0,0
ZH-012,ZH-012-S07,Laboratory Analysis,1,4,culture is positive for,0,0,0,0
ZH-012,ZH-012-S07,Laboratory Analysis,2,4,is positive for cyanobacterium,0,0,0,0
ZH-012,ZH-012-S07,Laboratory Analysis,3,4,positive for cyanobacterium zumbi,0,0,0,0
ZH-012,ZH-012-S07,Laboratory Analysis,0,5,blood culture is positive for,0,0,0,0
ZH-012,ZH-012-S07,Laboratory Analysis,1,5,culture is positive for cyanobacterium,0,0,0,0
ZH-012,ZH-012-S07,Laboratory Analysis,2,5,is positive for cyanobacterium zumbi,0,0,0,0
ZH-012,ZH-012-S08,Clinical History,0,1,no,0,0,1,0
ZH-012,ZH-012-S08,Clinical History,1,1,previous,0,0,0,1
ZH-012,ZH-012-S08,Clinical History,2,1,diagnosis,0,0,0,1
ZH-012,ZH-012-S08,Clinical History,3,1,was,0,0,0,1
ZH-012,ZH-012-S08,Clinical History,4,1,recorded,0,0,0,1
ZH-012,ZH-012-S08,Clinical History,0,2,no previous,0,0,0,0
ZH-012,ZH-012-S08,Clinical History,1,2,previous diagnosis,0,0,0,1
ZH-012,ZH-012-S08,Clinical History,2,2,diagnosis was,0,0,0,1
ZH-012,ZH-012-S08,Clinical History,3,2,was recorded,0,0,0,1
ZH-012,ZH-012-S08,Clinical History,0,3,no previous diagnosis,0,0,0,0
ZH-012,ZH-012-S08,Clinical History,1,3,previous diagnosis was,0,0,0,1
ZH-012,ZH-012-S08,Clinical History,2,3,diagnosis was recorded,0,0,0,1
ZH-012,ZH-012-S08,Clinical History,0,4,no previous diagnosis was,0,0,0,0
ZH-012,ZH-012-S08,Clinical History,1,4,previous diagnosis was recorded,0,0,0,1
ZH-012,ZH-012-S08,Clinical History,0,5,no previous diagnosis was recorded,0,0,0,0
ZH-012,ZH-012-S09,Social History,0,1,the,0,0,0,0
ZH-012,ZH-012-S09,Social History,1,1,caretaker,0,0,0,0
ZH-012,ZH-012-S09,Social History,2,1,says,0,0,0,0
ZH-012,ZH-012-S09,Social History,3,1,the,0,0,0,0
ZH-012,ZH-012-S09,Social History,4,1,patient,0,0,0,0
ZH-012,ZH-012-S09,Social History,5,1,is,0,0,0,0
ZH-012,ZH-012-S09,Social History,6,1,a,0,0,0,0
ZH-012,ZH-012-S09,Social History,7,1,pain,0,0,0,0
ZH-012,ZH-012-S09,Social History,8,1,to,0,0,0,0
ZH-012,ZH-012-S09,Social History,9,1,feed,0,0,0,0
ZH-012,ZH-012-S09,Social History,0,2,the caretaker,0,0,0,0
ZH-012,ZH-012-S09,Social History,1,2,caretaker says,0,0,0,0
ZH-012,ZH-012-S09,Social History,2,2,says the,0,0,0,0
ZH-012,ZH-012-S09,Social History,3,2,the patient,0,0,0,0
ZH-012,ZH-012-S09,Social History,4,2,patient is,0,0,0,0
ZH-012,ZH-012-S09,Social History,5,2,is a,0,0,0,0
ZH-012,ZH-012-S09,Social History,6,2,a pain,0,0,0,0
ZH-012,ZH-012-S09,Social History,7,2,pain to,0,0,0,0
ZH-012,ZH-012-S09,Social History,8,2,to feed,0,0,0,0
ZH-012,ZH-012-S09,Social History,0,3,the caretaker says,0,0,0,0
ZH-012,ZH-012-S09,Social History,1,3,caretaker says the,0,0,0,0
ZH-012,ZH-012-S09,Social History,2,3,says the patient,0,0,0,0
ZH-012,ZH-012-S09,Social History,3,3,the patient is,0,0,0,0
ZH-012,ZH-012-S09,Social History,4,3,patient is a,0,0,0,0
ZH-012,ZH-012-S09,Social History,5,3,is a pain,0,0,0,0
ZH-012,ZH-012-S09,Social History,6,3,a pain to,0,0,0,0
ZH-012,ZH-012-S09,Social History,7,3,pain to feed,0,0,0,0
ZH-012,ZH-012-S09,Social History,0,4,the caretaker says the,0,0,0,0
ZH-012,ZH-012-S09,Social History,1,4,caretaker says the patient,0,0,0,0
ZH-012,ZH-012-S09,Social History,2,4,says the patient is,0,0,0,0
ZH-012,ZH-012-S09,Social History,3,4,the patient is a,0,0,0,0
ZH-012,ZH-012-S09,Social History,4,4,patient is a pain,0,0,0,0
ZH-012,ZH-012-S09,Social History,5,4,is a pain to,0,0,0,0
ZH-012,ZH-012-S09,Social History,6,4,a pain to feed,0,0,0,0
ZH-012,ZH-012-S09,Social History,0,5,the caretaker says the patient,0,0,0,0
ZH-012,ZH-012-S09,Social History,1,5,caretaker says the patient is,0,0,0,0
ZH-012,ZH-012-S09,Social History,2,5,says the patient is a,0,0,0,0
ZH-012,ZH-012-S09,Social History,3,5,the patient is a pain,0,0,0,0
ZH-012,ZH-012-S09,Social History,4,5,patient is a pain to,0,0,0,0
ZH-012,ZH-012-S09,Social History,5,5,is a pain to feed,0,0,0,0
ZH-012,ZH-012-S10,Assessment,0,1,clinical,0,0,0,0
ZH-012,ZH-012-S10,Assessment,1,1,impression,0,0,0,0
ZH-012,ZH-012-S10,Assessment,2,1,bacterial,0,0,0,0
ZH-012,ZH-012-S10,Assessment,3,1,infection,0,0,0,0
ZH-012,ZH-012-S10,Assessment,0,2,clinical impression,0,0,0,0
ZH-012,ZH-012-S10,Assessment,1,2,impression bacterial,0,0,0,0
ZH-012,ZH-012-S10,Assessment,2,2,bacterial infection,1,0,0,0
ZH-012,ZH-012-S10,Assessment,0,3,clinical impression bacterial,0,0,0,0
ZH-012,ZH-012-S10,Assessment,1,3,impression bacterial infection,0,0,0,0
ZH-012,ZH-012-S10,Assessment,0,4,clinical impression bacterial infection,0,0,0,0
ZH-013,ZH-013-S01,Presentation,0,1,findings,0,0,0,0
ZH-013,ZH-013-S01,Presentation,1,1,include,0,0,0,0
ZH-013,ZH-013-S01,Presentation,2,1,pain,0,0,0,0
ZH-013,ZH-013-S01,Presentation,3,1,in,0,0,0,0
ZH-013,ZH-013-S01,Presentation,4,1,the,0,0,0,0
ZH-013,ZH-013-S01,Presentation,5,1,chest,0,0,0,0
ZH-013,ZH-013-S01,Presentation,0,2,findings include,0,0,0,0
ZH-013,ZH-013-S01,Presentation,1,2,include pain,0,0,0,0
ZH-013,ZH-013-S01,Presentation,2,2,pain in,0,0,0,0
ZH-013,ZH-013-S01,Presentation,3,2,in the,0,0,0,0
ZH-013,ZH-013-S01,Presentation,4,2,the chest,0,0,0,0
ZH-013,ZH-013-S01,Presentation,0,3,findings include pain,0,0,0,0
ZH-013,ZH-013-S01,Presentation,1,3,include pain in,0,0,0,0
ZH-013,ZH-013-S01,Presentation,2,3,pain in the,0,0,0,0
ZH-013,ZH-013-S01,Presentation,3,3,in the chest,0,0,0,0
ZH-013,ZH-013-S01,Presentation,0,4,findings include pain in,0,0,0,0
ZH-013,ZH-013-S01,Presentation,1,4,include pain in the,0,0,0,0
ZH-013,ZH-013-S01,Presentation,2,4,pain in the chest,0,1,0,0
ZH-013,ZH-013-S01,Presentation,0,5,findings include pain in the,0,0,0,0
ZH-013,ZH-013-S01,Presentation,1,5,include pain in the chest,0,0,0,0
ZH-013,ZH-013-S02,General Examination,0,1,motor,0,0,0,0
ZH-013,ZH-013-S02,General Examination,1,1,control,0,0,0,0
ZH-013,ZH-013-S02,General Examination,2,1,is,0,0,0,0
ZH-013,ZH-013-S02,General Examination,3,1,preserved,0,0,0,0
ZH-013,ZH-013-S02,General Examination,0,2,motor control,0,0,0,0
ZH-013,ZH-013-S02,General Examination,1,2,control is,0,0,0,0
ZH-013,ZH-013-S02,General Examination,2,2,is preserved,0,0,0,0
ZH-013,ZH-013-S02,General Examination,0,3,motor control is,0,0,0,0
ZH-013,ZH-013-S02,General Examination,1,3,control is preserved,0,0,0,0
ZH-013,ZH-013-S02,General Examination,0,4,motor control is preserved,0,0,0,0
ZH-013,ZH-013-S03,General Examination,0,1,bite,0,0,0,0
ZH-013,ZH-013-S03,General Examination,1,1,force,0,0,0,0
ZH-013,ZH-013-S03,General Examination,2,1,is,0,0,0,0
ZH-013,ZH-013-S03,General Examination,3,1,normal,0,0,0,0
ZH-013,ZH-013-S03,General Examination,4,1,for,0,0,0,0
ZH-013,ZH-013-S03,General Examination,5,1,the,0,0,0,0
ZH-013,ZH-013-S03,General Examination,6,1,species,0,0,0,0
ZH-013,ZH-013-S03,General Examination,0,2,bite force,0,0,0,0
ZH-013,ZH-013-S03,General Examination,1,2,force is,0,0,0,0
ZH-013,ZH-013-S03,General Examination,2,2,is normal,0,0,0,0
ZH-013,ZH-013-S03,General Examination,3,2,normal for,0,0,0,0
ZH-013,ZH-013-S03,General Examination,4,2,for the,0,0,0,0
ZH-013,ZH-013-S03,General Examination,5,2,the species,0,0,0,0
ZH-013,ZH-013-S03,General Examination,0,3,bite force is,0,0,0,0
ZH-013,ZH-013-S03,General Examination,1,3,force is normal,0,0,0,0
ZH-013,ZH-013-S03,General Examination,2,3,is normal for,0,0,0,0
ZH-013,ZH-013-S03,General Examination,3,3,normal for the,0,0,0,0
ZH-013,ZH-013-S03,General Examination,4,3,for the species,0,0,0,0
ZH-013,ZH-013-S03,General Examination,0,4,bite force is normal,0,0,0,0
ZH-013,ZH-013-S03,General Examination,1,4,force is normal for,0,0,0,0
ZH-013,ZH-013-S03,General Examination,2,4,is normal for the,0,0,0,0
ZH-013,ZH-013-S03,General Examination,3,4,normal for the species,0,0,0,0
ZH-013,ZH-013-S03,General Examination,0,5,bite force is normal for,0,0,0,0
ZH-013,ZH-013-S03,General Examination,1,5,force is normal for the,0,0,0,0
ZH-013,ZH-013-S03,General Examination,2,5,is normal for the species,0,0,0,0
ZH-013,ZH-013-S04,Negative Findings,0,1,absence,0,0,1,0
ZH-013,ZH-013-S04,Negative Findings,1,1,of,0,0,0,1
ZH-013,ZH-013-S04,Negative Findings,2,1,shaking,0,0,0,1
ZH-013,ZH-013-S04,Negative Findings,3,1,of,0,0,0,1
ZH-013,ZH-013-S04,Negative Findings,4,1,the,0,0,0,1
ZH-013,ZH-013-S04,Negative Findings,5,1,pinky,0,0,0,1
ZH-013,ZH-013-S04,Negative Findings,6,1,finger,0,0,0,1
ZH-013,ZH-013-S04,Negative Findings,0,2,absence of,0,0,0,0
ZH-013,ZH-013-S04,Negative Findings,1,2,of shaking,0,0,0,1
ZH-013,ZH-013-S04,Negative Findings,2,2,shaking of,0,0,0,1
ZH-013,ZH-013-S04,Negative Findings,3,2,of the,0,0,0,1
ZH-013,ZH-013-S04,Negative Findings,4,2,the pinky,0,0,0,1
ZH-013,ZH-013-S04,Negative Findings,5,2,pinky finger,0,0,0,1
ZH-013,ZH-013-S04,Negative Findings,0,3,absence of shaking,0,0,0,0
ZH-013,ZH-013-S04,Negative Findings,1,3,of shaking of,0,0,0,1
ZH-013,ZH-013-S04,Negative Findings,2,3,shaking of the,0,0,0,1
ZH-013,ZH-013-S04,Negative Findings,3,3,of the pinky,0,0,0,1
ZH-013,ZH-013-S04,Negative Findings,4,3,the pinky finger,0,0,0,1
ZH-013,ZH-013-S04,Negative Findings,0,4,absence of shaking of,0,0,0,0
ZH-013,ZH-013-S04,Negative Findings,1,4,of shaking of the,0,0,0,1
ZH-013,ZH-013-S04,Negative Findings,2,4,shaking of the pinky,0,0,0,1
ZH-013,ZH-013-S04,Negative Findings,3,4,of the pinky finger,0,0,0,1
ZH-013,ZH-013-S04,Negative Findings,0,5,absence of shaking of the,0,0,0,0
ZH-013,ZH-013-S04,Negative Findings,1,5,of shaking of the pinky,0,0,0,1
ZH-013,ZH-013-S04,Negative Findings,2,5,shaking of the pinky finger,0,1,0,1
ZH-013,ZH-013-S05,Negative Findings,0,1,the,0,0,0,0
ZH-013,ZH-013-S05,Negative Findings,1,1,patient,0,0,0,0
ZH-013,ZH-013-S05,Negative Findings,2,1,denies,0,0,1,0
ZH-013,ZH-013-S05,Negative Findings,3,1,yellowish,0,0,0,1
ZH-013,ZH-013-S05,Negative Findings,4,1,tongue,0,0,0,1
ZH-013,ZH-013-S05,Negative Findings,0,2,the patient,0,0,0,0
ZH-013,ZH-013-S05,Negative Findings,1,2,patient denies,0,0,0,0
ZH-013,ZH-013-S05,Negative Findings,2,2,denies yellowish,0,0,0,0
ZH-013,ZH-013-S05,Negative Findings,3,2,yellowish tongue,0,1,0,1
ZH-013,ZH-013-S05,Negative Findings,0,3,the patient denies,0,0,0,0
ZH-013,ZH-013-S05,Negative Findings,1,3,patient denies yellowish,0,0,0,0
ZH-013,ZH-013-S05,Negative Findings,2,3,denies yellowish tongue,0,0,0,0
ZH-013,ZH-013-S05,Negative Findings,0,4,the patient denies yellowish,0,0,0,0
ZH-013,ZH-013-S05,Negative Findings,1,4,patient denies yellowish tongue,0,0,0,0
ZH-013,ZH-013-S05,Negative Findings,0,5,the patient denies yellowish tongue,0,0,0,0
ZH-013,ZH-013-S06,Laboratory Analysis,0,1,laboratory,0,0,0,0
ZH-013,ZH-013-S06,Laboratory Analysis,1,1,tests,0,0,0,0
ZH-013,ZH-013-S06,Laboratory Analysis,2,1,isolated,0,0,0,0
ZH-013,ZH-013-S06,Laboratory Analysis,3,1,deltaretrovirus,0,0,0,0
ZH-013,ZH-013-S06,Laboratory Analysis,4,1,zumbi,0,0,0,0
ZH-013,ZH-013-S06,Laboratory Analysis,0,2,laboratory tests,0,0,0,0
ZH-013,ZH-013-S06,Laboratory Analysis,1,2,tests isolated,0,0,0,0
ZH-013,ZH-013-S06,Laboratory Analysis,2,2,isolated deltaretrovirus,0,0,0,0
ZH-013,ZH-013-S06,Laboratory Analysis,3,2,deltaretrovirus zumbi,0,0,0,0
ZH-013,ZH-013-S06,Laboratory Analysis,0,3,laboratory tests isolated,0,0,0,0
ZH-013,ZH-013-S06,Laboratory Analysis,1,3,tests isolated deltaretrovirus,0,0,0,0
ZH-013,ZH-013-S06,Laboratory Analysis,2,3,isolated deltaretrovirus zumbi,0,0,0,0
ZH-013,ZH-013-S06,Laboratory Analysis,0,4,laboratory tests isolated deltaretrovirus,0,0,0,0
ZH-013,ZH-013-S06,Laboratory Analysis,1,4,tests isolated deltaretrovirus zumbi,0,0,0,0
ZH-013,ZH-013-S06,Laboratory Analysis,0,5,laboratory tests isolated deltaretrovirus zumbi,0,0,0,0
ZH-013,ZH-013-S07,Clinical History,0,1,the,0,0,0,0
ZH-013,ZH-013-S07,Clinical History,1,1,patient,0,0,0,0
ZH-013,ZH-013-S07,Clinical History,2,1,denies,0,0,1,0
ZH-013,ZH-013-S07,Clinical History,3,1,previous,0,0,0,1
ZH-013,ZH-013-S07,Clinical History,4,1,bacterial,0,0,0,1
ZH-013,ZH-013-S07,Clinical History,5,1,infection,0,0,0,1
ZH-013,ZH-013-S07,Clinical History,0,2,the patient,0,0,0,0
ZH-013,ZH-013-S07,Clinical History,1,2,patient denies,0,0,0,0
ZH-013,ZH-013-S07,Clinical History,2,2,denies previous,0,0,0,0
ZH-013,ZH-013-S07,Clinical History,3,2,previous bacterial,0,0,0,1
ZH-013,ZH-013-S07,Clinical History,4,2,bacterial infection,1,0,0,1
ZH-013,ZH-013-S07,Clinical History,0,3,the patient denies,0,0,0,0
ZH-013,ZH-013-S07,Clinical History,1,3,patient denies previous,0,0,0,0
ZH-013,ZH-013-S07,Clinical History,2,3,denies previous bacterial,0,0,0,0
ZH-013,ZH-013-S07,Clinical History,3,3,previous bacterial infection,0,0,0,1
ZH-013,ZH-013-S07,Clinical History,0,4,the patient denies previous,0,0,0,0
ZH-013,ZH-013-S07,Clinical History,1,4,patient denies previous bacterial,0,0,0,0
ZH-013,ZH-013-S07,Clinical History,2,4,denies previous bacterial infection,0,0,0,0
ZH-013,ZH-013-S07,Clinical History,0,5,the patient denies previous bacterial,0,0,0,0
ZH-013,ZH-013-S07,Clinical History,1,5,patient denies previous bacterial infection,0,0,0,0
ZH-013,ZH-013-S08,Social History,0,1,the,0,0,0,0
ZH-013,ZH-013-S08,Social History,1,1,patient,0,0,0,0
ZH-013,ZH-013-S08,Social History,2,1,watched,0,0,0,0
ZH-013,ZH-013-S08,Social History,3,1,a,0,0,0,0
ZH-013,ZH-013-S08,Social History,4,1,pillow,0,0,0,0
ZH-013,ZH-013-S08,Social History,5,1,fight,0,0,0,0
ZH-013,ZH-013-S08,Social History,6,1,in,0,0,0,0
ZH-013,ZH-013-S08,Social History,7,1,the,0,0,0,0
ZH-013,ZH-013-S08,Social History,8,1,waiting,0,0,0,0
ZH-013,ZH-013-S08,Social History,9,1,room,0,0,0,0
ZH-013,ZH-013-S08,Social History,0,2,the patient,0,0,0,0
ZH-013,ZH-013-S08,Social History,1,2,patient watched,0,0,0,0
ZH-013,ZH-013-S08,Social History,2,2,watched a,0,0,0,0
ZH-013,ZH-013-S08,Social History,3,2,a pillow,0,0,0,0
ZH-013,ZH-013-S08,Social History,4,2,pillow fight,0,0,0,0
ZH-013,ZH-013-S08,Social History,5,2,fight in,0,0,0,0
ZH-013,ZH-013-S08,Social History,6,2,in the,0,0,0,0
ZH-013,ZH-013-S08,Social History,7,2,the waiting,0,0,0,0
ZH-013,ZH-013-S08,Social History,8,2,waiting room,0,0,0,0
ZH-013,ZH-013-S08,Social History,0,3,the patient watched,0,0,0,0
ZH-013,ZH-013-S08,Social History,1,3,patient watched a,0,0,0,0
ZH-013,ZH-013-S08,Social History,2,3,watched a pillow,0,0,0,0
ZH-013,ZH-013-S08,Social History,3,3,a pillow fight,0,0,0,0
ZH-013,ZH-013-S08,Social History,4,3,pillow fight in,0,0,0,0
ZH-013,ZH-013-S08,Social History,5,3,fight in the,0,0,0,0
ZH-013,ZH-013-S08,Social History,6,3,in the waiting,0,0,0,0
ZH-013,ZH-013-S08,Social History,7,3,the waiting room,0,0,0,0
ZH-013,ZH-013-S08,Social History,0,4,the patient watched a,0,0,0,0
ZH-013,ZH-013-S08,Social History,1,4,patient watched a pillow,0,0,0,0
ZH-013,ZH-013-S08,Social History,2,4,watched a pillow fight,0,0,0,0
ZH-013,ZH-013-S08,Social History,3,4,a pillow fight in,0,0,0,0
ZH-013,ZH-013-S08,Social History,4,4,pillow fight in the,0,0,0,0
ZH-013,ZH-013-S08,Social History,5,4,fight in the waiting,0,0,0,0
ZH-013,ZH-013-S08,Social History,6,4,in the waiting room,0,0,0,0
ZH-013,ZH-013-S08,Social History,0,5,the patient watched a pillow,0,0,0,0
ZH-013,ZH-013-S08,Social History,1,5,patient watched a pillow fight,0,0,0,0
ZH-013,ZH-013-S08,Social History,2,5,watched a pillow fight in,0,0,0,0
ZH-013,ZH-013-S08,Social History,3,5,a pillow fight in the,0,0,0,0
ZH-013,ZH-013-S08,Social History,4,5,pillow fight in the waiting,0,0,0,0
ZH-013,ZH-013-S08,Social History,5,5,fight in the waiting room,0,0,0,0
ZH-013,ZH-013-S09,Assessment,0,1,the,0,0,0,0
ZH-013,ZH-013-S09,Assessment,1,1,patient,0,0,0,0
ZH-013,ZH-013-S09,Assessment,2,1,was,0,0,0,0
ZH-013,ZH-013-S09,Assessment,3,1,diagnosed,0,0,0,0
ZH-013,ZH-013-S09,Assessment,4,1,with,0,0,0,0
ZH-013,ZH-013-S09,Assessment,5,1,viral,0,0,0,0
ZH-013,ZH-013-S09,Assessment,6,1,infection,0,0,0,0
ZH-013,ZH-013-S09,Assessment,0,2,the patient,0,0,0,0
ZH-013,ZH-013-S09,Assessment,1,2,patient was,0,0,0,0
ZH-013,ZH-013-S09,Assessment,2,2,was diagnosed,0,0,0,0
ZH-013,ZH-013-S09,Assessment,3,2,diagnosed with,0,0,0,0
ZH-013,ZH-013-S09,Assessment,4,2,with viral,0,0,0,0
ZH-013,ZH-013-S09,Assessment,5,2,viral infection,1,0,0,0
ZH-013,ZH-013-S09,Assessment,0,3,the patient was,0,0,0,0
ZH-013,ZH-013-S09,Assessment,1,3,patient was diagnosed,0,0,0,0
ZH-013,ZH-013-S09,Assessment,2,3,was diagnosed with,0,0,0,0
ZH-013,ZH-013-S09,Assessment,3,3,diagnosed with viral,0,0,0,0
ZH-013,ZH-013-S09,Assessment,4,3,with viral infection,0,0,0,0
ZH-013,ZH-013-S09,Assessment,0,4,the patient was diagnosed,0,0,0,0
ZH-013,ZH-013-S09,Assessment,1,4,patient was diagnosed with,0,0,0,0
ZH-013,ZH-013-S09,Assessment,2,4,was diagnosed with viral,0,0,0,0
ZH-013,ZH-013-S09,Assessment,3,4,diagnosed with viral infection,0,0,0,0
ZH-013,ZH-013-S09,Assessment,0,5,the patient was diagnosed with,0,0,0,0
ZH-013,ZH-013-S09,Assessment,1,5,patient was diagnosed with viral,0,0,0,0
ZH-013,ZH-013-S09,Assessment,2,5,was diagnosed with viral infection,0,0,0,0
ZH-014,ZH-014-S01,Presentation,0,1,examination,0,0,0,0
ZH-014,ZH-014-S01,Presentation,1,1,reveals,0,0,0,0
ZH-014,ZH-014-S01,Presentation,2,1,limb,0,0,0,0
ZH-014,ZH-014-S01,Presentation,3,1,loss,0,0,0,0
ZH-014,ZH-014-S01,Presentation,0,2,examination reveals,0,0,0,0
ZH-014,ZH-014-S01,Presentation,1,2,reveals limb,0,0,0,0
ZH-014,ZH-014-S01,Presentation,2,2,limb loss,0,1,0,0
ZH-014,ZH-014-S01,Presentation,0,3,examination reveals limb,0,0,0,0
ZH-014,ZH-014-S01,Presentation,1,3,reveals limb loss,0,0,0,0
ZH-014,ZH-014-S01,Presentation,0,4,examination reveals limb loss,0,0,0,0
ZH-014,ZH-014-S02,General Examination,0,1,limbs,0,0,0,0
ZH-014,ZH-014-S02,General Examination,1,1,move,0,0,0,0
ZH-014,ZH-014-S02,General Examination,2,1,slowly,0,0,0,0
ZH-014,ZH-014-S02,General Examination,3,1,as,0,0,0,0
ZH-014,ZH-014-S02,General Examination,4,1,usual,0,0,0,0
ZH-014,ZH-014-S02,General Examination,5,1,for,0,0,0,0
ZH-014,ZH-014-S02,General Examination,6,1,zombies,0,0,0,0
ZH-014,ZH-014-S02,General Examination,0,2,limbs move,0,0,0,0
ZH-014,ZH-014-S02,General Examination,1,2,move slowly,0,0,0,0
ZH-014,ZH-014-S02,General Examination,2,2,slowly as,0,0,0,0
ZH-014,ZH-014-S02,General Examination,3,2,as usual,0,0,0,0
ZH-014,ZH-014-S02,General Examination,4,2,usual for,0,0,0,0
ZH-014,ZH-014-S02,General Examination,5,2,for zombies,0,0,0,0
ZH-014,ZH-014-S02,General Examination,0,3,limbs move slowly,0,0,0,0
ZH-014,ZH-014-S02,General Examination,1,3,move slowly as,0,0,0,0
ZH-014,ZH-014-S02,General Examination,2,3,slowly as usual,0,0,0,0
ZH-014,ZH-014-S02,General Examination,3,3,as usual for,0,0,0,0
ZH-014,ZH-014-S02,General Examination,4,3,usual for zombies,0,0,0,0
ZH-014,ZH-014-S02,General Examination,0,4,limbs move slowly as,0,0,0,0
ZH-014,ZH-014-S02,General Examination,1,4,move slowly as usual,0,0,0,0
ZH-014,ZH-014-S02,General Examination,2,4,slowly as usual for,0,0,0,0
ZH-014,ZH-014-S02,General Examination,3,4,as usual for zombies,0,0,0,0
ZH-014,ZH-014-S02,General Examination,0,5,limbs move slowly as usual,0,0,0,0
ZH-014,ZH-014-S02,General Examination,1,5,move slowly as usual for,0,0,0,0
ZH-014,ZH-014-S02,General Examination,2,5,slowly as usual for zombies,0,0,0,0
ZH-014,ZH-014-S03,General Examination,0,1,the,0,0,0,0
ZH-014,ZH-014-S03,General Examination,1,1,little,0,0,0,0
ZH-014,ZH-014-S03,General Examination,2,1,finger,0,0,0,0
ZH-014,ZH-014-S03,General Examination,3,1,is,0,0,0,0
ZH-014,ZH-014-S03,General Examination,4,1,stiff,0,0,0,0
ZH-014,ZH-014-S03,General Examination,5,1,and,0,0,0,0
ZH-014,ZH-014-S03,General Examination,6,1,grey,0,0,0,0
ZH-014,ZH-014-S03,General Examination,0,2,the little,0,0,0,0
ZH-014,ZH-014-S03,General Examination,1,2,little finger,0,0,0,0
ZH-014,ZH-014-S03,General Examination,2,2,finger is,0,0,0,0
ZH-014,ZH-014-S03,General Examination,3,2,is stiff,0,0,0,0
ZH-014,ZH-014-S03,General Examination,4,2,stiff and,0,0,0,0
ZH-014,ZH-014-S03,General Examination,5,2,and grey,0,0,0,0
ZH-014,ZH-014-S03,General Examination,0,3,the little finger,0,0,0,0
ZH-014,ZH-014-S03,General Examination,1,3,little finger is,0,0,0,0
ZH-014,ZH-014-S03,General Examination,2,3,finger is stiff,0,0,0,0
ZH-014,ZH-014-S03,General Examination,3,3,is stiff and,0,0,0,0
ZH-014,ZH-014-S03,General Examination,4,3,stiff and grey,0,0,0,0
ZH-014,ZH-014-S03,General Examination,0,4,the little finger is,0,0,0,0
ZH-014,ZH-014-S03,General Examination,1,4,little finger is stiff,0,0,0,0
ZH-014,ZH-014-S03,General Examination,2,4,finger is stiff and,0,0,0,0
ZH-014,ZH-014-S03,General Examination,3,4,is stiff and grey,0,0,0,0
ZH-014,ZH-014-S03,General Examination,0,5,the little finger is stiff,0,0,0,0
ZH-014,ZH-014-S03,General Examination,1,5,little finger is stiff and,0,0,0,0
ZH-014,ZH-014-S03,General Examination,2,5,finger is stiff and grey,0,0,0,0
ZH-014,ZH-014-S04,Negative Findings,0,1,no,0,0,1,0
ZH-014,ZH-014-S04,Negative Findings,1,1,signs,0,0,0,1
ZH-014,ZH-014-S04,Negative Findings,2,1,of,0,0,0,1
ZH-014,ZH-014-S04,Negative Findings,3,1,trembling,0,0,0,1
ZH-014,ZH-014-S04,Negative Findings,4,1,on,0,0,0,1
ZH-014,ZH-014-S04,Negative Findings,5,1,the,0,0,0,1
ZH-014,ZH-014-S04,Negative Findings,6,1,little,0,0,0,1
ZH-014,ZH-014-S04,Negative Findings,7,1,finger,0,0,0,1
ZH-014,ZH-014-S04,Negative Findings,0,2,no signs,0,0,0,0
ZH-014,ZH-014-S04,Negative Findings,1,2,signs of,0,0,0,1
ZH-014,ZH-014-S04,Negative Findings,2,2,of trembling,0,0,0,1
ZH-014,ZH-014-S04,Negative Findings,3,2,trembling on,0,0,0,1
ZH-014,ZH-014-S04,Negative Findings,4,2,on the,0,0,0,1
ZH-014,ZH-014-S04,Negative Findings,5,2,the little,0,0,0,1
ZH-014,ZH-014-S04,Negative Findings,6,2,little finger,0,0,0,1
ZH-014,ZH-014-S04,Negative Findings,0,3,no signs of,0,0,0,0
ZH-014,ZH-014-S04,Negative Findings,1,3,signs of trembling,0,0,0,1
ZH-014,ZH-014-S04,Negative Findings,2,3,of trembling on,0,0,0,1
ZH-014,ZH-014-S04,Negative Findings,3,3,trembling on the,0,0,0,1
ZH-014,ZH-014-S04,Negative Findings,4,3,on the little,0,0,0,1
ZH-014,ZH-014-S04,Negative Findings,5,3,the little finger,0,0,0,1
ZH-014,ZH-014-S04,Negative Findings,0,4,no signs of trembling,0,0,0,0
ZH-014,ZH-014-S04,Negative Findings,1,4,signs of trembling on,0,0,0,1
ZH-014,ZH-014-S04,Negative Findings,2,4,of trembling on the,0,0,0,1
ZH-014,ZH-014-S04,Negative Findings,3,4,trembling on the little,0,0,0,1
ZH-014,ZH-014-S04,Negative Findings,4,4,on the little finger,0,0,0,1
ZH-014,ZH-014-S04,Negative Findings,0,5,no signs of trembling on,0,0,0,0
ZH-014,ZH-014-S04,Negative Findings,1,5,signs of trembling on the,0,0,0,1
ZH-014,ZH-014-S04,Negative Findings,2,5,of trembling on the little,0,0,0,1
ZH-014,ZH-014-S04,Negative Findings,3,5,trembling on the little finger,0,1,0,1
ZH-014,ZH-014-S05,Negative Findings,0,1,the,0,0,0,0
ZH-014,ZH-014-S05,Negative Findings,1,1,patient,0,0,0,0
ZH-014,ZH-014-S05,Negative Findings,2,1,presents,0,0,0,0
ZH-014,ZH-014-S05,Negative Findings,3,1,without,0,0,1,0
ZH-014,ZH-014-S05,Negative Findings,4,1,yellowish,0,0,0,1
ZH-014,ZH-014-S05,Negative Findings,5,1,tongue,0,0,0,1
ZH-014,ZH-014-S05,Negative Findings,0,2,the patient,0,0,0,0
ZH-014,ZH-014-S05,Negative Findings,1,2,patient presents,0,0,0,0
ZH-014,ZH-014-S05,Negative Findings,2,2,presents without,0,0,0,0
ZH-014,ZH-014-S05,Negative Findings,3,2,without yellowish,0,0,0,0
ZH-014,ZH-014-S05,Negative Findings,4,2,yellowish tongue,0,1,0,1
ZH-014,ZH-014-S05,Negative Findings,0,3,the patient presents,0,0,0,0
ZH-014,ZH-014-S05,Negative Findings,1,3,patient presents without,0,0,0,0
ZH-014,ZH-014-S05,Negative Findings,2,3,presents without yellowish,0,0,0,0
ZH-014,ZH-014-S05,Negative Findings,3,3,without yellowish tongue,0,0,0,0
ZH-014,ZH-014-S05,Negative Findings,0,4,the patient presents without,0,0,0,0
ZH-014,ZH-014-S05,Negative Findings,1,4,patient presents without yellowish,0,0,0,0
ZH-014,ZH-014-S05,Negative Findings,2,4,presents without yellowish tongue,0,0,0,0
ZH-014,ZH-014-S05,Negative Findings,0,5,the patient presents without yellowish,0,0,0,0
ZH-014,ZH-014-S05,Negative Findings,1,5,patient presents without yellowish tongue,0,0,0,0
ZH-014,ZH-014-S06,Laboratory Analysis,0,1,blood,0,0,0,0
ZH-014,ZH-014-S06,Laboratory Analysis,1,1,analysis,0,0,0,0
ZH-014,ZH-014-S06,Laboratory Analysis,2,1,returned,0,0,0,0
ZH-014,ZH-014-S06,Laboratory Analysis,3,1,no,0,0,1,0
ZH-014,ZH-014-S06,Laboratory Analysis,4,1,relevant,0,0,0,1
ZH-014,ZH-014-S06,Laboratory Analysis,5,1,findings,0,0,0,1
ZH-014,ZH-014-S06,Laboratory Analysis,0,2,blood analysis,0,0,0,0
ZH-014,ZH-014-S06,Laboratory Analysis,1,2,analysis returned,0,0,0,0
ZH-014,ZH-014-S06,Laboratory Analysis,2,2,returned no,0,0,0,0
ZH-014,ZH-014-S06,Laboratory Analysis,3,2,no relevant,0,0,0,0
ZH-014,ZH-014-S06,Laboratory Analysis,4,2,relevant findings,0,0,0,1
ZH-014,ZH-014-S06,Laboratory Analysis,0,3,blood analysis returned,0,0,0,0
ZH-014,ZH-014-S06,Laboratory Analysis,1,3,analysis returned no,0,0,0,0
ZH-014,ZH-014-S06,Laboratory Analysis,2,3,returned no relevant,0,0,0,0
ZH-014,ZH-014-S06,Laboratory Analysis,3,3,no relevant findings,0,0,0,0
ZH-014,ZH-014-S06,Laboratory Analysis,0,4,blood analysis returned no,0,0,0,0
ZH-014,ZH-014-S06,Laboratory Analysis,1,4,analysis returned no relevant,0,0,0,0
ZH-014,ZH-014-S06,Laboratory Analysis,2,4,returned no relevant findings,0,0,0,0
ZH-014,ZH-014-S06,Laboratory Analysis,0,5,blood analysis returned no relevant,0,0,0,0
ZH-014,ZH-014-S06,Laboratory Analysis,1,5,analysis returned no relevant findings,0,0,0,0
ZH-014,ZH-014-S07,Clinical History,0,1,the,0,0,0,0
ZH-014,ZH-014-S07,Clinical History,1,1,patient,0,0,0,0
ZH-014,ZH-014-S07,Clinical History,2,1,denies,0,0,1,0
ZH-014,ZH-014-S07,Clinical History,3,1,previous,0,0,0,1
ZH-014,ZH-014-S07,Clinical History,4,1,bacterial,0,0,0,1
ZH-014,ZH-014-S07,Clinical History,5,1,infectious,0,0,0,1
ZH-014,ZH-014-S07,Clinical History,6,1,process,0,0,0,1
ZH-014,ZH-014-S07,Clinical History,0,2,the patient,0,0,0,0
ZH-014,ZH-014-S07,Clinical History,1,2,patient denies,0,0,0,0
ZH-014,ZH-014-S07,Clinical History,2,2,denies previous,0,0,0,0
ZH-014,ZH-014-S07,Clinical History,3,2,previous bacterial,0,0,0,1
ZH-014,ZH-014-S07,Clinical History,4,2,bacterial infectious,0,0,0,1
ZH-014,ZH-014-S07,Clinical History,5,2,infectious process,0,0,0,1
ZH-014,ZH-014-S07,Clinical History,0,3,the patient denies,0,0,0,0
ZH-014,ZH-014-S07,Clinical History,1,3,patient denies previous,0,0,0,0
ZH-014,ZH-014-S07,Clinical History,2,3,denies previous bacterial,0,0,0,0
ZH-014,ZH-014-S07,Clinical History,3,3,previous bacterial infectious,0,0,0,1
ZH-014,ZH-014-S07,Clinical History,4,3,bacterial infectious process,1,0,0,1
ZH-014,ZH-014-S07,Clinical History,0,4,the patient denies previous,0,0,0,0
ZH-014,ZH-014-S07,Clinical History,1,4,patient denies previous bacterial,0,0,0,0
ZH-014,ZH-014-S07,Clinical History,2,4,denies previous bacterial infectious,0,0,0,0
ZH-014,ZH-014-S07,Clinical History,3,4,previous bacterial infectious process,0,0,0,1
ZH-014,ZH-014-S07,Clinical History,0,5,the patient denies previous bacterial,0,0,0,0
ZH-014,ZH-014-S07,Clinical History,1,5,patient denies previous bacterial infectious,0,0,0,0
ZH-014,ZH-014-S07,Clinical History,2,5,denies previous bacterial infectious process,0,0,0,0
ZH-014,ZH-014-S08,Social History,0,1,the,0,0,0,0
ZH-014,ZH-014-S08,Social History,1,1,patient,0,0,0,0
ZH-014,ZH-014-S08,Social History,2,1,sticks,0,0,0,0
ZH-014,ZH-014-S08,Social History,3,1,out,0,0,0,0
ZH-014,ZH-014-S08,Social History,4,1,the,0,0,0,0
ZH-014,ZH-014-S08,Social History,5,1,tongue,0,0,0,0
ZH-014,ZH-014-S08,Social History,6,1,at,0,0,0,0
ZH-014,ZH-014-S08,Social History,7,1,the,0,0,0,0
ZH-014,ZH-014-S08,Social History,8,1,nurses,0,0,0,0
ZH-014,ZH-014-S08,Social History,0,2,the patient,0,0,0,0
ZH-014,ZH-014-S08,Social History,1,2,patient sticks,0,0,0,0
ZH-014,ZH-014-S08,Social History,2,2,sticks out,0,0,0,0
ZH-014,ZH-014-S08,Social History,3,2,out the,0,0,0,0
ZH-014,ZH-014-S08,Social History,4,2,the tongue,0,0,0,0
ZH-014,ZH-014-S08,Social History,5,2,tongue at,0,0,0,0
ZH-014,ZH-014-S08,Social History,6,2,at the,0,0,0,0
ZH-014,ZH-014-S08,Social History,7,2,the nurses,0,0,0,0
ZH-014,ZH-014-S08,Social History,0,3,the patient sticks,0,0,0,0
ZH-014,ZH-014-S08,Social History,1,3,patient sticks out,0,0,0,0
ZH-014,ZH-014-S08,Social History,2,3,sticks out the,0,0,0,0
ZH-014,ZH-014-S08,Social History,3,3,out the tongue,0,0,0,0
ZH-014,ZH-014-S08,Social History,4,3,the tongue at,0,0,0,0
ZH-014,ZH-014-S08,Social History,5,3,tongue at the,0,0,0,0
ZH-014,ZH-014-S08,Social History,6,3,at the nurses,0,0,0,0
ZH-014,ZH-014-S08,Social History,0,4,the patient sticks out,0,0,0,0
ZH-014,ZH-014-S08,Social History,1,4,patient sticks out the,0,0,0,0
ZH-014,ZH-014-S08,Social History,2,4,sticks out the tongue,0,0,0,0
ZH-014,ZH-014-S08,Social History,3,4,out the tongue at,0,0,0,0
ZH-014,ZH-014-S08,Social History,4,4,the tongue at the,0,0,0,0
ZH-014,ZH-014-S08,Social History,5,4,tongue at the nurses,0,0,0,0
ZH-014,ZH-014-S08,Social History,0,5,the patient sticks out the,0,0,0,0
ZH-014,ZH-014-S08,Social History,1,5,patient sticks out the tongue,0,0,0,0
ZH-014,ZH-014-S08,Social History,2,5,sticks out the tongue at,0,0,0,0
ZH-014,ZH-014-S08,Social History,3,5,out the tongue at the,0,0,0,0
ZH-014,ZH-014-S08,Social History,4,5,the tongue at the nurses,0,0,0,0
ZH-014,ZH-014-S09,Social History,0,1,the,0,0,0,0
ZH-014,ZH-014-S09,Social History,1,1,patient,0,0,0,0
ZH-014,ZH-014-S09,Social History,2,1,speaks,0,0,0,0
ZH-014,ZH-014-S09,Social History,3,1,in,0,0,0,0
ZH-014,ZH-014-S09,Social History,4,1,a,0,0,0,0
ZH-014,ZH-014-S09,Social History,5,1,strange,0,0,0,0
ZH-014,ZH-014-S09,Social History,6,1,tongue,0,0,0,0
ZH-014,ZH-014-S09,Social History,0,2,the patient,0,0,0,0
ZH-014,ZH-014-S09,Social History,1,2,patient speaks,0,0,0,0
ZH-014,ZH-014-S09,Social History,2,2,speaks in,0,0,0,0
ZH-014,ZH-014-S09,Social History,3,2,in a,0,0,0,0
ZH-014,ZH-014-S09,Social History,4,2,a strange,0,0,0,0
ZH-014,ZH-014-S09,Social History,5,2,strange tongue,0,0,0,0
ZH-014,ZH-014-S09,Social History,0,3,the patient speaks,0,0,0,0
ZH-014,ZH-014-S09,Social History,1,3,patient speaks in,0,0,0,0
ZH-014,ZH-014-S09,Social History,2,3,speaks in a,0,0,0,0
ZH-014,ZH-014-S09,Social History,3,3,in a strange,0,0,0,0
ZH-014,ZH-014-S09,Social History,4,3,a strange tongue,0,0,0,0
ZH-014,ZH-014-S09,Social History,0,4,the patient speaks in,0,0,0,0
ZH-014,ZH-014-S09,Social History,1,4,patient speaks in a,0,0,0,0
ZH-014,ZH-014-S09,Social History,2,4,speaks in a strange,0,0,0,0
ZH-014,ZH-014-S09,Social History,3,4,in a strange tongue,0,0,0,0
ZH-014,ZH-014-S09,Social History,0,5,the patient speaks in a,0,0,0,0
ZH-014,ZH-014-S09,Social History,1,5,patient speaks in a strange,0,0,0,0
ZH-014,ZH-014-S09,Social History,2,5,speaks in a strange tongue,0,0,0,0
ZH-014,ZH-014-S10,Assessment,0,1,diagnosis,0,0,0,0
ZH-014,ZH-014-S10,Assessment,1,1,fight,0,0,0,0
ZH-014,ZH-014-S10,Assessment,2,1,related,0,0,0,0
ZH-014,ZH-014-S10,Assessment,3,1,trauma,0,0,0,0
ZH-014,ZH-014-S10,Assessment,0,2,diagnosis fight,0,0,0,0
ZH-014,ZH-014-S10,Assessment,1,2,fight related,0,0,0,0
ZH-014,ZH-014-S10,Assessment,2,2,related trauma,0,0,0,0
ZH-014,ZH-014-S10,Assessment,0,3,diagnosis fight related,0,0,0,0
ZH-014,ZH-014-S10,Assessment,1,3,fight related trauma,1,0,0,0
ZH-014,ZH-014-S10,Assessment,0,4,diagnosis fight related trauma,0,0,0,0
ZH-015,ZH-015-S01,Presentation,0,1,findings,0,0,0,0
ZH-015,ZH-015-S01,Presentation,1,1,include,0,0,0,0
ZH-015,ZH-015-S01,Presentation,2,1,yellow,0,0,0,0
ZH-015,ZH-015-S01,Presentation,3,1,tongue,0,0,0,0
ZH-015,ZH-015-S01,Presentation,0,2,findings include,0,0,0,0
ZH-015,ZH-015-S01,Presentation,1,2,include yellow,0,0,0,0
ZH-015,ZH-015-S01,Presentation,2,2,yellow tongue,0,1,0,0
ZH-015,ZH-015-S01,Presentation,0,3,findings include yellow,0,0,0,0
ZH-015,ZH-015-S01,Presentation,1,3,include yellow tongue,0,0,0,0
ZH-015,ZH-015-S01,Presentation,0,4,findings include yellow tongue,0,0,0,0
ZH-015,ZH-015-S02,Presentation,0,1,the,0,0,0,0
ZH-015,ZH-015-S02,Presentation,1,1,patient,0,0,0,0
ZH-015,ZH-015-S02,Presentation,2,1,presents,0,0,0,0
ZH-015,ZH-015-S02,Presentation,3,1,with,0,0,0,0
ZH-015,ZH-015-S02,Presentation,4,1,trembling,0,0,0,0
ZH-015,ZH-015-S02,Presentation,5,1,on,0,0,0,0
ZH-015,ZH-015-S02,Presentation,6,1,the,0,0,0,0
ZH-015,ZH-015-S02,Presentation,7,1,little,0,0,0,0
ZH-015,ZH-015-S02,Presentation,8,1,finger,0,0,0,0
ZH-015,ZH-015-S02,Presentation,0,2,the patient,0,0,0,0
ZH-015,ZH-015-S02,Presentation,1,2,patient presents,0,0,0,0
ZH-015,ZH-015-S02,Presentation,2,2,presents with,0,0,0,0
ZH-015,ZH-015-S02,Presentation,3,2,with trembling,0,0,0,0
ZH-015,ZH-015-S02,Presentation,4,2,trembling on,0,0,0,0
ZH-015,ZH-015-S02,Presentation,5,2,on the,0,0,0,0
ZH-015,ZH-015-S02,Presentation,6,2,the little,0,0,0,0
ZH-015,ZH-015-S02,Presentation,7,2,little finger,0,0,0,0
ZH-015,ZH-015-S02,Presentation,0,3,the patient presents,0,0,0,0
ZH-015,ZH-015-S02,Presentation,1,3,patient presents with,0,0,0,0
ZH-015,ZH-015-S02,Presentation,2,3,presents with trembling,0,0,0,0
ZH-015,ZH-015-S02,Presentation,3,3,with trembling on,0,0,0,0
ZH-015,ZH-015-S02,Presentation,4,3,trembling on the,0,0,0,0
ZH-015,ZH-015-S02,Presentation,5,3,on the little,0,0,0,0
ZH-015,ZH-015-S02,Presentation,6,3,the little finger,0,0,0,0
ZH-015,ZH-015-S02,Presentation,0,4,the patient presents with,0,0,0,0
ZH-015,ZH-015-S02,Presentation,1,4,patient presents with trembling,0,0,0,0
ZH-015,ZH-015-S02,Presentation,2,4,presents with trembling on,0,0,0,0
ZH-015,ZH-015-S02,Presentation,3,4,with trembling on the,0,0,0,0
ZH-015,ZH-015-S02,Presentation,4,4,trembling on the little,0,0,0,0
ZH-015,ZH-015-S02,Presentation,5,4,on the little finger,0,0,0,0
ZH-015,ZH-015-S02,Presentation,0,5,the patient presents with trembling,0,0,0,0
ZH-015,ZH-015-S02,Presentation,1,5,patient presents with trembling on,0,0,0,0
ZH-015,ZH-015-S02,Presentation,2,5,presents with trembling on the,0,0,0,0
ZH-015,ZH-015-S02,Presentation,3,5,with trembling on the little,0,0,0,0
ZH-015,ZH-015-S02,Presentation,4,5,trembling on the little finger,0,1,0,0
ZH-015,ZH-015-S03,General Examination,0,1,mild,0,0,0,0
ZH-015,ZH-015-S03,General Examination,1,1,anger,0,0,0,0
ZH-015,ZH-015-S03,General Examination,2,1,when,0,0,0,0
ZH-015,ZH-015-S03,General Examination,3,1,hungry,0,0,0,0
ZH-015,ZH-015-S03,General Examination,4,1,which,0,0,0,0
ZH-015,ZH-015-S03,General Examination,5,1,is,0,0,0,0
ZH-015,ZH-015-S03,General Examination,6,1,normal,0,0,0,0
ZH-015,ZH-015-S03,General Examination,0,2,mild anger,0,0,0,0
ZH-015,ZH-015-S03,General Examination,1,2,anger when,0,0,0,0
ZH-015,ZH-015-S03,General Examination,2,2,when hungry,0,0,0,0
ZH-015,ZH-015-S03,General Examination,3,2,hungry which,0,0,0,0
ZH-015,ZH-015-S03,General Examination,4,2,which is,0,0,0,0
ZH-015,ZH-015-S03,General Examination,5,2,is normal,0,0,0,0
ZH-015,ZH-015-S03,General Examination,0,3,mild anger when,0,0,0,0
ZH-015,ZH-015-S03,General Examination,1,3,anger when hungry,0,0,0,0
ZH-015,ZH-015-S03,General Examination,2,3,when hungry which,0,0,0,0
ZH-015,ZH-015-S03,General Examination,3,3,hungry which is,0,0,0,0
ZH-015,ZH-015-S03,General Examination,4,3,which is normal,0,0,0,0
ZH-015,ZH-015-S03,General Examination,0,4,mild anger when hungry,0,0,0,0
ZH-015,ZH-015-S03,General Examination,1,4,anger when hungry which,0,0,0,0
ZH-015,ZH-015-S03,General Examination,2,4,when hungry which is,0,0,0,0
ZH-015,ZH-015-S03,General Examination,3,4,hungry which is normal,0,0,0,0
ZH-015,ZH-015-S03,General Examination,0,5,mild anger when hungry which,0,0,0,0
ZH-015,ZH-015-S03,General Examination,1,5,anger when hungry which is,0,0,0,0
ZH-015,ZH-015-S03,General Examination,2,5,when hungry which is normal,0,0,0,0
ZH-015,ZH-015-S04,Negative Findings,0,1,no,0,0,1,0
ZH-015,ZH-015-S04,Negative Findings,1,1,signs,0,0,0,1
ZH-015,ZH-015-S04,Negative Findings,2,1,of,0,0,0,1
ZH-015,ZH-015-S04,Negative Findings,3,1,intense,0,0,0,1
ZH-015,ZH-015-S04,Negative Findings,4,1,anger,0,0,0,1
ZH-015,ZH-015-S04,Negative Findings,5,1,episodes,0,0,0,1
ZH-015,ZH-015-S04,Negative Findings,0,2,no signs,0,0,0,0
ZH-015,ZH-015-S04,Negative Findings,1,2,signs of,0,0,0,1
ZH-015,ZH-015-S04,Negative Findings,2,2,of intense,0,0,0,1
ZH-015,ZH-015-S04,Negative Findings,3,2,intense anger,0,0,0,1
ZH-015,ZH-015-S04,Negative Findings,4,2,anger episodes,0,0,0,1
ZH-015,ZH-015-S04,Negative Findings,0,3,no signs of,0,0,0,0
ZH-015,ZH-015-S04,Negative Findings,1,3,signs of intense,0,0,0,1
ZH-015,ZH-015-S04,Negative Findings,2,3,of intense anger,0,0,0,1
ZH-015,ZH-015-S04,Negative Findings,3,3,intense anger episodes,0,1,0,1
ZH-015,ZH-015-S04,Negative Findings,0,4,no signs of intense,0,0,0,0
ZH-015,ZH-015-S04,Negative Findings,1,4,signs of intense anger,0,0,0,1
ZH-015,ZH-015-S04,Negative Findings,2,4,of intense anger episodes,0,0,0,1
ZH-015,ZH-015-S04,Negative Findings,0,5,no signs of intense anger,0,0,0,0
ZH-015,ZH-015-S04,Negative Findings,1,5,signs of intense anger episodes,0,0,0,1
ZH-015,ZH-015-S05,Negative Findings,0,1,the,0,0,0,0
ZH-015,ZH-015-S05,Negative Findings,1,1,patient,0,0,0,0
ZH-015,ZH-015-S05,Negative Findings,2,1,presents,0,0,0,0
ZH-015,ZH-015-S05,Negative Findings,3,1,without,0,0,1,0
ZH-015,ZH-015-S05,Negative Findings,4,1,limb,0,0,0,1
ZH-015,ZH-015-S05,Negative Findings,5,1,loss,0,0,0,1
ZH-015,ZH-015-S05,Negative Findings,0,2,the patient,0,0,0,0
ZH-015,ZH-015-S05,Negative Findings,1,2,patient presents,0,0,0,0
ZH-015,ZH-015-S05,Negative Findings,2,2,presents without,0,0,0,0
ZH-015,ZH-015-S05,Negative Findings,3,2,without limb,0,0,0,0
ZH-015,ZH-015-S05,Negative Findings,4,2,limb loss,0,1,0,1
ZH-015,ZH-015-S05,Negative Findings,0,3,the patient presents,0,0,0,0
ZH-015,ZH-015-S05,Negative Findings,1,3,patient presents without,0,0,0,0
ZH-015,ZH-015-S05,Negative Findings,2,3,presents without limb,0,0,0,0
ZH-015,ZH-015-S05,Negative Findings,3,3,without limb loss,0,0,0,0
ZH-015,ZH-015-S05,Negative Findings,0,4,the patient presents without,0,0,0,0
ZH-015,ZH-015-S05,Negative Findings,1,4,patient presents without limb,0,0,0,0
ZH-015,ZH-015-S05,Negative Findings,2,4,presents without limb loss,0,0,0,0
ZH-015,ZH-015-S05,Negative Findings,0,5,the patient presents without limb,0,0,0,0
ZH-015,ZH-015-S05,Negative Findings,1,5,patient presents without limb loss,0,0,0,0
ZH-015,ZH-015-S06,Laboratory Analysis,0,1,laboratory,0,0,0,0
ZH-015,ZH-015-S06,Laboratory Analysis,1,1,tests,0,0,0,0
ZH-015,ZH-015-S06,Laboratory Analysis,2,1,did,0,0,0,0
ZH-015,ZH-015-S06,Laboratory Analysis,3,1,not,0,0,1,0
ZH-015,ZH-015-S06,Laboratory Analysis,4,1,identify,0,0,0,1
ZH-015,ZH-015-S06,Laboratory Analysis,5,1,any,0,0,0,1
ZH-015,ZH-015-S06,Laboratory Analysis,6,1,pathogen,0,0,0,1
ZH-015,ZH-015-S06,Laboratory Analysis,0,2,laboratory tests,0,0,0,0
ZH-015,ZH-015-S06,Laboratory Analysis,1,2,tests did,0,0,0,0
ZH-015,ZH-015-S06,Laboratory Analysis,2,2,did not,0,0,0,0
ZH-015,ZH-015-S06,Laboratory Analysis,3,2,not identify,0,0,0,0
ZH-015,ZH-015-S06,Laboratory Analysis,4,2,identify any,0,0,0,1
ZH-015,ZH-015-S06,Laboratory Analysis,5,2,any pathogen,0,0,0,1
ZH-015,ZH-015-S06,Laboratory Analysis,0,3,laboratory tests did,0,0,0,0
ZH-015,ZH-015-S06,Laboratory Analysis,1,3,tests did not,0,0,0,0
ZH-015,ZH-015-S06,Laboratory Analysis,2,3,did not identify,0,0,0,0
ZH-015,ZH-015-S06,Laboratory Analysis,3,3,not identify any,0,0,0,0
ZH-015,ZH-015-S06,Laboratory Analysis,4,3,identify any pathogen,0,0,0,1
ZH-015,ZH-015-S06,Laboratory Analysis,0,4,laboratory tests did not,0,0,0,0
ZH-015,ZH-015-S06,Laboratory Analysis,1,4,tests did not identify,0,0,0,0
ZH-015,ZH-015-S06,Laboratory Analysis,2,4,did not identify any,0,0,0,0
ZH-015,ZH-015-S06,Laboratory Analysis,3,4,not identify any pathogen,0,0,0,0
ZH-015,ZH-015-S06,Laboratory Analysis,0,5,laboratory tests did not identify,0,0,0,0
ZH-015,ZH-015-S06,Laboratory Analysis,1,5,tests did not identify any,0,0,0,0
ZH-015,ZH-015-S06,Laboratory Analysis,2,5,did not identify any pathogen,0,0,0,0
ZH-015,ZH-015-S07,Clinical History,0,1,previous,0,0,0,0
ZH-015,ZH-015-S07,Clinical History,1,1,diagnosis,0,0,0,0
ZH-015,ZH-015-S07,Clinical History,2,1,of,0,0,0,0
ZH-015,ZH-015-S07,Clinical History,3,1,bacterial,0,0,0,0
ZH-015,ZH-015-S07,Clinical History,4,1,infectious,0,0,0,0
ZH-015,ZH-015-S07,Clinical History,5,1,process,0,0,0,0
ZH-015,ZH-015-S07,Clinical History,0,2,previous diagnosis,0,0,0,0
ZH-015,ZH-015-S07,Clinical History,1,2,diagnosis of,0,0,0,0
ZH-015,ZH-015-S07,Clinical History,2,2,of bacterial,0,0,0,0
ZH-015,ZH-015-S07,Clinical History,3,2,bacterial infectious,0,0,0,0
ZH-015,ZH-015-S07,Clinical History,4,2,infectious process,0,0,0,0
ZH-015,ZH-015-S07,Clinical History,0,3,previous diagnosis of,0,0,0,0
ZH-015,ZH-015-S07,Clinical History,1,3,diagnosis of bacterial,0,0,0,0
ZH-015,ZH-015-S07,Clinical History,2,3,of bacterial infectious,0,0,0,0
ZH-015,ZH-015-S07,Clinical History,3,3,bacterial infectious process,1,0,0,0
ZH-015,ZH-015-S07,Clinical History,0,4,previous diagnosis of bacterial,0,0,0,0
ZH-015,ZH-015-S07,Clinical History,1,4,diagnosis of bacterial infectious,0,0,0,0
ZH-015,ZH-015-S07,Clinical History,2,4,of bacterial infectious process,0,0,0,0
ZH-015,ZH-015-S07,Clinical History,0,5,previous diagnosis of bacterial infectious,0,0,0,0
ZH-015,ZH-015-S07,Clinical History,1,5,diagnosis of bacterial infectious process,0,0,0,0
ZH-015,ZH-015-S08,Social History,0,1,mother,0,0,0,0
ZH-015,ZH-015-S08,Social History,1,1,tongue,0,0,0,0
ZH-015,ZH-015-S08,Social History,2,1,zombish,0,0,0,0
ZH-015,ZH-015-S08,Social History,0,2,mother tongue,0,0,0,0
ZH-015,ZH-015-S08,Social History,1,2,tongue zombish,0,0,0,0
ZH-015,ZH-015-S08,Social History,0,3,mother tongue zombish,0,0,0,0
ZH-015,ZH-015-S09,Assessment,0,1,findings,0,0,0,0
ZH-015,ZH-015-S09,Assessment,1,1,are,0,0,0,0
ZH-015,ZH-015-S09,Assessment,2,1,consistent,0,0,0,0
ZH-015,ZH-015-S09,Assessment,3,1,with,0,0,0,0
ZH-015,ZH-015-S09,Assessment,4,1,bite,0,0,0,0
ZH-015,ZH-015-S09,Assessment,5,1,related,0,0,0,0
ZH-015,ZH-015-S09,Assessment,6,1,deficit,0,0,0,0
ZH-015,ZH-015-S09,Assessment,0,2,findings are,0,0,0,0
ZH-015,ZH-015-S09,Assessment,1,2,are consistent,0,0,0,0
ZH-015,ZH-015-S09,Assessment,2,2,consistent with,0,0,0,0
ZH-015,ZH-015-S09,Assessment,3,2,with bite,0,0,0,0
ZH-015,ZH-015-S09,Assessment,4,2,bite related,0,0,0,0
ZH-015,ZH-015-S09,Assessment,5,2,related deficit,0,0,0,0
ZH-015,ZH-015-S09,Assessment,0,3,findings are consistent,0,0,0,0
ZH-015,ZH-015-S09,Assessment,1,3,are consistent with,0,0,0,0
ZH-015,ZH-015-S09,Assessment,2,3,consistent with bite,0,0,0,0
ZH-015,ZH-015-S09,Assessment,3,3,with bite related,0,0,0,0
ZH-015,ZH-015-S09,Assessment,4,3,bite related deficit,1,0,0,0
ZH-015,ZH-015-S09,Assessment,0,4,findings are consistent with,0,0,0,0
ZH-015,ZH-015-S09,Assessment,1,4,are consistent with bite,0,0,0,0
ZH-015,ZH-015-S09,Assessment,2,4,consistent with bite related,0,0,0,0
ZH-015,ZH-015-S09,Assessment,3,4,with bite related deficit,0,0,0,0
ZH-015,ZH-015-S09,Assessment,0,5,findings are consistent with bite,0,0,0,0
ZH-015,ZH-015-S09,Assessment,1,5,are consistent with bite related,0,0,0,0
ZH-015,ZH-015-S09,Assessment,2,5,consistent with bite related deficit,0,0,0,0
ZH-015,ZH-015-S10,Assessment,0,1,no,0,0,1,0
ZH-015,ZH-015-S10,Assessment,1,1,evidence,0,0,0,1
ZH-015,ZH-015-S10,Assessment,2,1,of,0,0,0,1
ZH-015,ZH-015-S10,Assessment,3,1,bacterial,0,0,0,1
ZH-015,ZH-015-S10,Assessment,4,1,infection,0,0,0,1
ZH-015,ZH-015-S10,Assessment,0,2,no evidence,0,0,0,0
ZH-015,ZH-015-S10,Assessment,1,2,evidence of,0,0,0,1
ZH-015,ZH-015-S10,Assessment,2,2,of bacterial,0,0,0,1
ZH-015,ZH-015-S10,Assessment,3,2,bacterial infection,1,0,0,1
ZH-015,ZH-015-S10,Assessment,0,3,no evidence of,0,0,0,0
ZH-015,ZH-015-S10,Assessment,1,3,evidence of bacterial,0,0,0,1
ZH-015,ZH-015-S10,Assessment,2,3,of bacterial infection,0,0,0,1
ZH-015,ZH-015-S10,Assessment,0,4,no evidence of bacterial,0,0,0,0
ZH-015,ZH-015-S10,Assessment,1,4,evidence of bacterial infection,0,0,0,1
ZH-015,ZH-015-S10,Assessment,0,5,no evidence of bacterial infection,0,0,0,0
ZH-016,ZH-016-S01,Presentation,0,1,examination,0,0,0,0
ZH-016,ZH-016-S01,Presentation,1,1,reveals,0,0,0,0
ZH-016,ZH-016-S01,Presentation,2,1,missing,0,0,0,0
ZH-016,ZH-016-S01,Presentation,3,1,limb,0,0,0,0
ZH-016,ZH-016-S01,Presentation,0,2,examination reveals,0,0,0,0
ZH-016,ZH-016-S01,Presentation,1,2,reveals missing,0,0,0,0
ZH-016,ZH-016-S01,Presentation,2,2,missing limb,0,1,0,0
ZH-016,ZH-016-S01,Presentation,0,3,examination reveals missing,0,0,0,0
ZH-016,ZH-016-S01,Presentation,1,3,reveals missing limb,0,0,0,0
ZH-016,ZH-016-S01,Presentation,0,4,examination reveals missing limb,0,0,0,0
ZH-016,ZH-016-S02,Presentation,0,1,the,0,0,0,0
ZH-016,ZH-016-S02,Presentation,1,1,patient,0,0,0,0
ZH-016,ZH-016-S02,Presentation,2,1,reports,0,0,0,0
ZH-016,ZH-016-S02,Presentation,3,1,yellow,0,0,0,0
ZH-016,ZH-016-S02,Presentation,4,1,tongue,0,0,0,0
ZH-016,ZH-016-S02,Presentation,0,2,the patient,0,0,0,0
ZH-016,ZH-016-S02,Presentation,1,2,patient reports,0,0,0,0
ZH-016,ZH-016-S02,Presentation,2,2,reports yellow,0,0,0,0
ZH-016,ZH-016-S02,Presentation,3,2,yellow tongue,0,1,0,0
ZH-016,ZH-016-S02,Presentation,0,3,the patient reports,0,0,0,0
ZH-016,ZH-016-S02,Presentation,1,3,patient reports yellow,0,0,0,0
ZH-016,ZH-016-S02,Presentation,2,3,reports yellow tongue,0,0,0,0
ZH-016,ZH-016-S02,Presentation,0,4,the patient reports yellow,0,0,0,0
ZH-016,ZH-016-S02,Presentation,1,4,patient reports yellow tongue,0,0,0,0
ZH-016,ZH-016-S02,Presentation,0,5,the patient reports yellow tongue,0,0,0,0
ZH-016,ZH-016-S03,Presentation,0,1,findings,0,0,0,0
ZH-016,ZH-016-S03,Presentation,1,1,include,0,0,0,0
ZH-016,ZH-016-S03,Presentation,2,1,shaking,0,0,0,0
ZH-016,ZH-016-S03,Presentation,3,1,of,0,0,0,0
ZH-016,ZH-016-S03,Presentation,4,1,the,0,0,0,0
ZH-016,ZH-016-S03,Presentation,5,1,pinky,0,0,0,0
ZH-016,ZH-016-S03,Presentation,6,1,finger,0,0,0,0
ZH-016,ZH-016-S03,Presentation,0,2,findings include,0,0,0,0
ZH-016,ZH-016-S03,Presentation,1,2,include shaking,0,0,0,0
ZH-016,ZH-016-S03,Presentation,2,2,shaking of,0,0,0,0
ZH-016,ZH-016-S03,Presentation,3,2,of the,0,0,0,0
ZH-016,ZH-016-S03,Presentation,4,2,the pinky,0,0,0,0
ZH-016,ZH-016-S03,Presentation,5,2,pinky finger,0,0,0,0
ZH-016,ZH-016-S03,Presentation,0,3,findings include shaking,0,0,0,0
ZH-016,ZH-016-S03,Presentation,1,3,include shaking of,0,0,0,0
ZH-016,ZH-016-S03,Presentation,2,3,shaking of the,0,0,0,0
ZH-016,ZH-016-S03,Presentation,3,3,of the pinky,0,0,0,0
ZH-016,ZH-016-S03,Presentation,4,3,the pinky finger,0,0,0,0
ZH-016,ZH-016-S03,Presentation,0,4,findings include shaking of,0,0,0,0
ZH-016,ZH-016-S03,Presentation,1,4,include shaking of the,0,0,0,0
ZH-016,ZH-016-S03,Presentation,2,4,shaking of the pinky,0,0,0,0
ZH-016,ZH-016-S03,Presentation,3,4,of the pinky finger,0,0,0,0
ZH-016,ZH-016-S03,Presentation,0,5,findings include shaking of the,0,0,0,0
ZH-016,ZH-016-S03,Presentation,1,5,include shaking of the pinky,0,0,0,0
ZH-016,ZH-016-S03,Presentation,2,5,shaking of the pinky finger,0,1,0,0
ZH-016,ZH-016-S04,General Examination,0,1,mild,0,0,0,0
ZH-016,ZH-016-S04,General Examination,1,1,anger,0,0,0,0
ZH-016,ZH-016-S04,General Examination,2,1,when,0,0,0,0
ZH-016,ZH-016-S04,General Examination,3,1,hungry,0,0,0,0
ZH-016,ZH-016-S04,General Examination,4,1,which,0,0,0,0
ZH-016,ZH-016-S04,General Examination,5,1,is,0,0,0,0
ZH-016,ZH-016-S04,General Examination,6,1,normal,0,0,0,0
ZH-016,ZH-016-S04,General Examination,0,2,mild anger,0,0,0,0
ZH-016,ZH-016-S04,General Examination,1,2,anger when,0,0,0,0
ZH-016,ZH-016-S04,General Examination,2,2,when hungry,0,0,0,0
ZH-016,ZH-016-S04,General Examination,3,2,hungry which,0,0,0,0
ZH-016,ZH-016-S04,General Examination,4,2,which is,0,0,0,0
ZH-016,ZH-016-S04,General Examination,5,2,is normal,0,0,0,0
ZH-016,ZH-016-S04,General Examination,0,3,mild anger when,0,0,0,0
ZH-016,ZH-016-S04,General Examination,1,3,anger when hungry,0,0,0,0
ZH-016,ZH-016-S04,General Examination,2,3,when hungry which,0,0,0,0
ZH-016,ZH-016-S04,General Examination,3,3,hungry which is,0,0,0,0
ZH-016,ZH-016-S04,General Examination,4,3,which is normal,0,0,0,0
ZH-016,ZH-016-S04,General Examination,0,4,mild anger when hungry,0,0,0,0
ZH-016,ZH-016-S04,General Examination,1,4,anger when hungry which,0,0,0,0
ZH-016,ZH-016-S04,General Examination,2,4,when hungry which is,0,0,0,0
ZH-016,ZH-016-S04,General Examination,3,4,hungry which is normal,0,0,0,0
ZH-016,ZH-016-S04,General Examination,0,5,mild anger when hungry which,0,0,0,0
ZH-016,ZH-016-S04,General Examination,1,5,anger when hungry which is,0,0,0,0
ZH-016,ZH-016-S04,General Examination,2,5,when hungry which is normal,0,0,0,0
ZH-016,ZH-016-S05,Negative Findings,0,1,absence,0,0,1,0
ZH-016,ZH-016-S05,Negative Findings,1,1,of,0,0,0,1
ZH-016,ZH-016-S05,Negative Findings,2,1,paralysis,0,1,0,1
ZH-016,ZH-016-S05,Negative Findings,0,2,absence of,0,0,0,0
ZH-016,ZH-016-S05,Negative Findings,1,2,of paralysis,0,0,0,1
ZH-016,ZH-016-S05,Negative Findings,0,3,absence of paralysis,0,0,0,0
ZH-016,ZH-016-S06,Laboratory Analysis,0,1,blood,0,0,0,0
ZH-016,ZH-016-S06,Laboratory Analysis,1,1,analysis,0,0,0,0
ZH-016,ZH-016-S06,Laboratory Analysis,2,1,returned,0,0,0,0
ZH-016,ZH-016-S06,Laboratory Analysis,3,1,no,0,0,1,0
ZH-016,ZH-016-S06,Laboratory Analysis,4,1,relevant,0,0,0,1
ZH-016,ZH-016-S06,Laboratory Analysis,5,1,findings,0,0,0,1
ZH-016,ZH-016-S06,Laboratory Analysis,0,2,blood analysis,0,0,0,0
ZH-016,ZH-016-S06,Laboratory Analysis,1,2,analysis returned,0,0,0,0
ZH-016,ZH-016-S06,Laboratory Analysis,2,2,returned no,0,0,0,0
ZH-016,ZH-016-S06,Laboratory Analysis,3,2,no relevant,0,0,0,0
ZH-016,ZH-016-S06,Laboratory Analysis,4,2,relevant findings,0,0,0,1
ZH-016,ZH-016-S06,Laboratory Analysis,0,3,blood analysis returned,0,0,0,0
ZH-016,ZH-016-S06,Laboratory Analysis,1,3,analysis returned no,0,0,0,0
ZH-016,ZH-016-S06,Laboratory Analysis,2,3,returned no relevant,0,0,0,0
ZH-016,ZH-016-S06,Laboratory Analysis,3,3,no relevant findings,0,0,0,0
ZH-016,ZH-016-S06,Laboratory Analysis,0,4,blood analysis returned no,0,0,0,0
ZH-016,ZH-016-S06,Laboratory Analysis,1,4,analysis returned no relevant,0,0,0,0
ZH-016,ZH-016-S06,Laboratory Analysis,2,4,returned no relevant findings,0,0,0,0
ZH-016,ZH-016-S06,Laboratory Analysis,0,5,blood analysis returned no relevant,0,0,0,0
ZH-016,ZH-016-S06,Laboratory Analysis,1,5,analysis returned no relevant findings,0,0,0,0
ZH-016,ZH-016-S07,Clinical History,0,1,the,0,0,0,0
ZH-016,ZH-016-S07,Clinical History,1,1,patient,0,0,0,0
ZH-016,ZH-016-S07,Clinical History,2,1,has,0,0,0,0
ZH-016,ZH-016-S07,Clinical History,3,1,a,0,0,0,0
ZH-016,ZH-016-S07,Clinical History,4,1,history,0,0,0,0
ZH-016,ZH-016-S07,Clinical History,5,1,of,0,0,0,0
ZH-016,ZH-016-S07,Clinical History,6,1,bacterial,0,0,0,0
ZH-016,ZH-016-S07,Clinical History,7,1,infection,0,0,0,0
ZH-016,ZH-016-S07,Clinical History,0,2,the patient,0,0,0,0
ZH-016,ZH-016-S07,Clinical History,1,2,patient has,0,0,0,0
ZH-016,ZH-016-S07,Clinical History,2,2,has a,0,0,0,0
ZH-016,ZH-016-S07,Clinical History,3,2,a history,0,0,0,0
ZH-016,ZH-016-S07,Clinical History,4,2,history of,0,0,0,0
ZH-016,ZH-016-S07,Clinical History,5,2,of bacterial,0,0,0,0
ZH-016,ZH-016-S07,Clinical History,6,2,bacterial infection,1,0,0,0
ZH-016,ZH-016-S07,Clinical History,0,3,the patient has,0,0,0,0
ZH-016,ZH-016-S07,Clinical History,1,3,patient has a,0,0,0,0
ZH-016,ZH-016-S07,Clinical History,2,3,has a history,0,0,0,0
ZH-016,ZH-016-S07,Clinical History,3,3,a history of,0,0,0,0
ZH-016,ZH-016-S07,Clinical History,4,3,history of bacterial,0,0,0,0
ZH-016,ZH-016-S07,Clinical History,5,3,of bacterial infection,0,0,0,0
ZH-016,ZH-016-S07,Clinical History,0,4,the patient has a,0,0,0,0
ZH-016,ZH-016-S07,Clinical History,1,4,patient has a history,0,0,0,0
ZH-016,ZH-016-S07,Clinical History,2,4,has a history of,0,0,0,0
ZH-016,ZH-016-S07,Clinical History,3,4,a history of bacterial,0,0,0,0
ZH-016,ZH-016-S07,Clinical History,4,4,history of bacterial infection,0,0,0,0
ZH-016,ZH-016-S07,Clinical History,0,5,the patient has a history,0,0,0,0
ZH-016,ZH-016-S07,Clinical History,1,5,patient has a history of,0,0,0,0
ZH-016,ZH-016-S07,Clinical History,2,5,has a history of bacterial,0,0,0,0
ZH-016,ZH-016-S07,Clinical History,3,5,a history of bacterial infection,0,0,0,0
ZH-016,ZH-016-S08,Social History,0,1,the,0,0,0,0
ZH-016,ZH-016-S08,Social History,1,1,patient,0,0,0,0
ZH-016,ZH-016-S08,Social History,2,1,keeps,0,0,0,0
ZH-016,ZH-016-S08,Social History,3,1,spare,0,0,0,0
ZH-016,ZH-016-S08,Social History,4,1,brains,0,0,0,0
ZH-016,ZH-016-S08,Social History,5,1,in,0,0,0,0
ZH-016,ZH-016-S08,Social History,6,1,a,0,0,0,0
ZH-016,ZH-016-S08,Social History,7,1,wooden,0,0,0,0
ZH-016,ZH-016-S08,Social History,8,1,chest,0,0,0,0
ZH-016,ZH-016-S08,Social History,0,2,the patient,0,0,0,0
ZH-016,ZH-016-S08,Social History,1,2,patient keeps,0,0,0,0
ZH-016,ZH-016-S08,Social History,2,2,keeps spare,0,0,0,0
ZH-016,ZH-016-S08,Social History,3,2,spare brains,0,0,0,0
ZH-016,ZH-016-S08,Social History,4,2,brains in,0,0,0,0
ZH-016,ZH-016-S08,Social History,5,2,in a,0,0,0,0
ZH-016,ZH-016-S08,Social History,6,2,a wooden,0,0,0,0
ZH-016,ZH-016-S08,Social History,7,2,wooden chest,0,0,0,0
ZH-016,ZH-016-S08,Social History,0,3,the patient keeps,0,0,0,0
ZH-016,ZH-016-S08,Social History,1,3,patient keeps spare,0,0,0,0
ZH-016,ZH-016-S08,Social History,2,3,keeps spare brains,0,0,0,0
ZH-016,ZH-016-S08,Social History,3,3,spare brains in,0,0,0,0
ZH-016,ZH-016-S08,Social History,4,3,brains in a,0,0,0,0
ZH-016,ZH-016-S08,Social History,5,3,in a wooden,0,0,0,0
ZH-016,ZH-016-S08,Social History,6,3,a wooden chest,0,0,0,0
ZH-016,ZH-016-S08,Social History,0,4,the patient keeps spare,0,0,0,0
ZH-016,ZH-016-S08,Social History,1,4,patient keeps spare brains,0,0,0,0
ZH-016,ZH-016-S08,Social History,2,4,keeps spare brains in,0,0,0,0
ZH-016,ZH-016-S08,Social History,3,4,spare brains in a,0,0,0,0
ZH-016,ZH-016-S08,Social History,4,4,brains in a wooden,0,0,0,0
ZH-016,ZH-016-S08,Social History,5,4,in a wooden chest,0,0,0,0
ZH-016,ZH-016-S08,Social History,0,5,the patient keeps spare brains,0,0,0,0
ZH-016,ZH-016-S08,Social History,1,5,patient keeps spare brains in,0,0,0,0
ZH-016,ZH-016-S08,Social History,2,5,keeps spare brains in a,0,0,0,0
ZH-016,ZH-016-S08,Social History,3,5,spare brains in a wooden,0,0,0,0
ZH-016,ZH-016-S08,Social History,4,5,brains in a wooden chest,0,0,0,0
ZH-016,ZH-016-S09,Assessment,0,1,findings,0,0,0,0
ZH-016,ZH-016-S09,Assessment,1,1,are,0,0,0,0
ZH-016,ZH-016-S09,Assessment,2,1,consistent,0,0,0,0
ZH-016,ZH-016-S09,Assessment,3,1,with,0,0,0,0
ZH-016,ZH-016-S09,Assessment,4,1,bite,0,0,0,0
ZH-016,ZH-016-S09,Assessment,5,1,deficit,0,0,0,0
ZH-016,ZH-016-S09,Assessment,0,2,findings are,0,0,0,0
ZH-016,ZH-016-S09,Assessment,1,2,are consistent,0,0,0,0
ZH-016,ZH-016-S09,Assessment,2,2,consistent with,0,0,0,0
ZH-016,ZH-016-S09,Assessment,3,2,with bite,0,0,0,0
ZH-016,ZH-016-S09,Assessment,4,2,bite deficit,1,0,0,0
ZH-016,ZH-016-S09,Assessment,0,3,findings are consistent,0,0,0,0
ZH-016,ZH-016-S09,Assessment,1,3,are consistent with,0,0,0,0
ZH-016,ZH-016-S09,Assessment,2,3,consistent with bite,0,0,0,0
ZH-016,ZH-016-S09,Assessment,3,3,with bite deficit,0,0,0,0
ZH-016,ZH-016-S09,Assessment,0,4,findings are consistent with,0,0,0,0
ZH-016,ZH-016-S09,Assessment,1,4,are consistent with bite,0,0,0,0
ZH-016,ZH-016-S09,Assessment,2,4,consistent with bite deficit,0,0,0,0
ZH-016,ZH-016-S09,Assessment,0,5,findings are consistent with bite,0,0,0,0
ZH-016,ZH-016-S09,Assessment,1,5,are consistent with bite deficit,0,0,0,0
ZH-016,ZH-016-S10,Assessment,0,1,the,0,0,0,0
ZH-016,ZH-016-S10,Assessment,1,1,team,0,0,0,0
ZH-016,ZH-016-S10,Assessment,2,1,ruled,0,0,0,0
ZH-016,ZH-016-S10,Assessment,3,1,out,0,0,0,0
ZH-016,ZH-016-S10,Assessment,4,1,viral,0,0,0,1
ZH-016,ZH-016-S10,Assessment,5,1,infection,0,0,0,1
ZH-016,ZH-016-S10,Assessment,0,2,the team,0,0,0,0
ZH-016,ZH-016-S10,Assessment,1,2,team ruled,0,0,0,0
ZH-016,ZH-016-S10,Assessment,2,2,ruled out,0,0,1,0
ZH-016,ZH-016-S10,Assessment,3,2,out viral,0,0,0,0
ZH-016,ZH-016-S10,Assessment,4,2,viral infection,1,0,0,1
ZH-016,ZH-016-S10,Assessment,0,3,the team ruled,0,0,0,0
ZH-016,ZH-016-S10,Assessment,1,3,team ruled out,0,0,0,0
ZH-016,ZH-016-S10,Assessment,2,3,ruled out viral,0,0,0,0
ZH-016,ZH-016-S10,Assessment,3,3,out viral infection,0,0,0,0
ZH-016,ZH-016-S10,Assessment,0,4,the team ruled out,0,0,0,0
ZH-016,ZH-016-S10,Assessment,1,4,team ruled out viral,0,0,0,0
ZH-016,ZH-016-S10,Assessment,2,4,ruled out viral infection,0,0,0,0
ZH-016,ZH-016-S10,Assessment,0,5,the team ruled out viral,0,0,0,0
ZH-016,ZH-016-S10,Assessment,1,5,team ruled out viral infection,0,0,0,0
ZH-017,ZH-017-S01,Presentation,0,1,signs,0,0,0,0
ZH-017,ZH-017-S01,Presentation,1,1,of,0,0,0,0
ZH-017,ZH-017-S01,Presentation,2,1,thoracic,0,0,0,0
ZH-017,ZH-017-S01,Presentation,3,1,discomfort,0,0,0,0
ZH-017,ZH-017-S01,Presentation,4,1,are,0,0,0,0
ZH-017,ZH-017-S01,Presentation,5,1,evident,0,0,0,0
ZH-017,ZH-017-S01,Presentation,0,2,signs of,0,0,0,0
ZH-017,ZH-017-S01,Presentation,1,2,of thoracic,0,0,0,0
ZH-017,ZH-017-S01,Presentation,2,2,thoracic discomfort,0,1,0,0
ZH-017,ZH-017-S01,Presentation,3,2,discomfort are,0,0,0,0
ZH-017,ZH-017-S01,Presentation,4,2,are evident,0,0,0,0
ZH-017,ZH-017-S01,Presentation,0,3,signs of thoracic,0,0,0,0
ZH-017,ZH-017-S01,Presentation,1,3,of thoracic discomfort,0,0,0,0
ZH-017,ZH-017-S01,Presentation,2,3,thoracic discomfort are,0,0,0,0
ZH-017,ZH-017-S01,Presentation,3,3,discomfort are evident,0,0,0,0
ZH-017,ZH-017-S01,Presentation,0,4,signs of thoracic discomfort,0,0,0,0
ZH-017,ZH-017-S01,Presentation,1,4,of thoracic discomfort are,0,0,0,0
ZH-017,ZH-017-S01,Presentation,2,4,thoracic discomfort are evident,0,0,0,0
ZH-017,ZH-017-S01,Presentation,0,5,signs of thoracic discomfort are,0,0,0,0
ZH-017,ZH-017-S01,Presentation,1,5,of thoracic discomfort are evident,0,0,0,0
ZH-017,ZH-017-S02,General Examination,0,1,anger,0,0,0,0
ZH-017,ZH-017-S02,General Examination,1,1,level,0,0,0,0
ZH-017,ZH-017-S02,General Examination,2,1,is,0,0,0,0
ZH-017,ZH-017-S02,General Examination,3,1,low,0,0,0,0
ZH-017,ZH-017-S02,General Examination,4,1,for,0,0,0,0
ZH-017,ZH-017-S02,General Examination,5,1,a,0,0,0,0
ZH-017,ZH-017-S02,General Examination,6,1,zombie,0,0,0,0
ZH-017,ZH-017-S02,General Examination,0,2,anger level,0,0,0,0
ZH-017,ZH-017-S02,General Examination,1,2,level is,0,0,0,0
ZH-017,ZH-017-S02,General Examination,2,2,is low,0,0,0,0
ZH-017,ZH-017-S02,General Examination,3,2,low for,0,0,0,0
ZH-017,ZH-017-S02,General Examination,4,2,for a,0,0,0,0
ZH-017,ZH-017-S02,General Examination,5,2,a zombie,0,0,0,0
ZH-017,ZH-017-S02,General Examination,0,3,anger level is,0,0,0,0
ZH-017,ZH-017-S02,General Examination,1,3,level is low,0,0,0,0
ZH-017,ZH-017-S02,General Examination,2,3,is low for,0,0,0,0
ZH-017,ZH-017-S02,General Examination,3,3,low for a,0,0,0,0
ZH-017,ZH-017-S02,General Examination,4,3,for a zombie,0,0,0,0
ZH-017,ZH-017-S02,General Examination,0,4,anger level is low,0,0,0,0
ZH-017,ZH-017-S02,General Examination,1,4,level is low for,0,0,0,0
ZH-017,ZH-017-S02,General Examination,2,4,is low for a,0,0,0,0
ZH-017,ZH-017-S02,General Examination,3,4,low for a zombie,0,0,0,0
ZH-017,ZH-017-S02,General Examination,0,5,anger level is low for,0,0,0,0
ZH-017,ZH-017-S02,General Examination,1,5,level is low for a,0,0,0,0
ZH-017,ZH-017-S02,General Examination,2,5,is low for a zombie,0,0,0,0
ZH-017,ZH-017-S03,Negative Findings,0,1,the,0,0,0,0
ZH-017,ZH-017-S03,Negative Findings,1,1,patient,0,0,0,0
ZH-017,ZH-017-S03,Negative Findings,2,1,is,0,0,0,0
ZH-017,ZH-017-S03,Negative Findings,3,1,free,0,0,0,0
ZH-017,ZH-017-S03,Negative Findings,4,1,of,0,0,0,0
ZH-017,ZH-017-S03,Negative Findings,5,1,yellow,0,0,0,1
ZH-017,ZH-017-S03,Negative Findings,6,1,tinted,0,0,0,1
ZH-017,ZH-017-S03,Negative Findings,7,1,tongue,0,0,0,1
ZH-017,ZH-017-S03,Negative Findings,0,2,the patient,0,0,0,0
ZH-017,ZH-017-S03,Negative Findings,1,2,patient is,0,0,0,0
ZH-017,ZH-017-S03,Negative Findings,2,2,is free,0,0,0,0
ZH-017,ZH-017-S03,Negative Findings,3,2,free of,0,0,1,0
ZH-017,ZH-017-S03,Negative Findings,4,2,of yellow,0,0,0,0
ZH-017,ZH-017-S03,Negative Findings,5,2,yellow tinted,0,0,0,1
ZH-017,ZH-017-S03,Negative Findings,6,2,tinted tongue,0,0,0,1
ZH-017,ZH-017-S03,Negative Findings,0,3,the patient is,0,0,0,0
ZH-017,ZH-017-S03,Negative Findings,1,3,patient is free,0,0,0,0
ZH-017,ZH-017-S03,Negative Findings,2,3,is free of,0,0,0,0
ZH-017,ZH-017-S03,Negative Findings,3,3,free of yellow,0,0,0,0
ZH-017,ZH-017-S03,Negative Findings,4,3,of yellow tinted,0,0,0,0
ZH-017,ZH-017-S03,Negative Findings,5,3,yellow tinted tongue,0,1,0,1
ZH-017,ZH-017-S03,Negative Findings,0,4,the patient is free,0,0,0,0
ZH-017,ZH-017-S03,Negative Findings,1,4,patient is free of,0,0,0,0
ZH-017,ZH-017-S03,Negative Findings,2,4,is free of yellow,0,0,0,0
ZH-017,ZH-017-S03,Negative Findings,3,4,free of yellow tinted,0,0,0,0
ZH-017,ZH-017-S03,Negative Findings,4,4,of yellow tinted tongue,0,0,0,0
ZH-017,ZH-017-S03,Negative Findings,0,5,the patient is free of,0,0,0,0
ZH-017,ZH-017-S03,Negative Findings,1,5,patient is free of yellow,0,0,0,0
ZH-017,ZH-017-S03,Negative Findings,2,5,is free of yellow tinted,0,0,0,0
ZH-017,ZH-017-S03,Negative Findings,3,5,free of yellow tinted tongue,0,0,0,0
ZH-017,ZH-017-S04,Negative Findings,0,1,no,0,0,1,0
ZH-017,ZH-017-S04,Negative Findings,1,1,signs,0,0,0,1
ZH-017,ZH-017-S04,Negative Findings,2,1,of,0,0,0,1
ZH-017,ZH-017-S04,Negative Findings,3,1,severe,0,0,0,1
ZH-017,ZH-017-S04,Negative Findings,4,1,anger,0,0,0,1
ZH-017,ZH-017-S04,Negative Findings,0,2,no signs,0,0,0,0
ZH-017,ZH-017-S04,Negative Findings,1,2,signs of,0,0,0,1
ZH-017,ZH-017-S04,Negative Findings,2,2,of severe,0,0,0,1
ZH-017,ZH-017-S04,Negative Findings,3,2,severe anger,0,1,0,1
ZH-017,ZH-017-S04,Negative Findings,0,3,no signs of,0,0,0,0
ZH-017,ZH-017-S04,Negative Findings,1,3,signs of severe,0,0,0,1
ZH-017,ZH-017-S04,Negative Findings,2,3,of severe anger,0,0,0,1
ZH-017,ZH-017-S04,Negative Findings,0,4,no signs of severe,0,0,0,0
ZH-017,ZH-017-S04,Negative Findings,1,4,signs of severe anger,0,0,0,1
ZH-017,ZH-017-S04,Negative Findings,0,5,no signs of severe anger,0,0,0,0
ZH-017,ZH-017-S05,Laboratory Analysis,0,1,no,0,0,1,0
ZH-017,ZH-017-S05,Laboratory Analysis,1,1,pathogen,0,0,0,1
ZH-017,ZH-017-S05,Laboratory Analysis,2,1,was,0,0,0,1
ZH-017,ZH-017-S05,Laboratory Analysis,3,1,isolated,0,0,0,1
ZH-017,ZH-017-S05,Laboratory Analysis,4,1,in,0,0,0,1
ZH-017,ZH-017-S05,Laboratory Analysis,5,1,the,0,0,0,1
ZH-017,ZH-017-S05,Laboratory Analysis,6,1,blood,0,0,0,1
ZH-017,ZH-017-S05,Laboratory Analysis,7,1,analysis,0,0,0,1
ZH-017,ZH-017-S05,Laboratory Analysis,0,2,no pathogen,0,0,0,0
ZH-017,ZH-017-S05,Laboratory Analysis,1,2,pathogen was,0,0,0,1
ZH-017,ZH-017-S05,Laboratory Analysis,2,2,was isolated,0,0,0,1
ZH-017,ZH-017-S05,Laboratory Analysis,3,2,isolated in,0,0,0,1
ZH-017,ZH-017-S05,Laboratory Analysis,4,2,in the,0,0,0,1
ZH-017,ZH-017-S05,Laboratory Analysis,5,2,the blood,0,0,0,1
ZH-017,ZH-017-S05,Laboratory Analysis,6,2,blood analysis,0,0,0,1
ZH-017,ZH-017-S05,Laboratory Analysis,0,3,no pathogen was,0,0,0,0
ZH-017,ZH-017-S05,Laboratory Analysis,1,3,pathogen was isolated,0,0,0,1
ZH-017,ZH-017-S05,Laboratory Analysis,2,3,was isolated in,0,0,0,1
ZH-017,ZH-017-S05,Laboratory Analysis,3,3,isolated in the,0,0,0,1
ZH-017,ZH-017-S05,Laboratory Analysis,4,3,in the blood,0,0,0,1
ZH-017,ZH-017-S05,Laboratory Analysis,5,3,the blood analysis,0,0,0,1
ZH-017,ZH-017-S05,Laboratory Analysis,0,4,no pathogen was isolated,0,0,0,0
ZH-017,ZH-017-S05,Laboratory Analysis,1,4,pathogen was isolated in,0,0,0,1
ZH-017,ZH-017-S05,Laboratory Analysis,2,4,was isolated in the,0,0,0,1
ZH-017,ZH-017-S05,Laboratory Analysis,3,4,isolated in the blood,0,0,0,1
ZH-017,ZH-017-S05,Laboratory Analysis,4,4,in the blood analysis,0,0,0,1
ZH-017,ZH-017-S05,Laboratory Analysis,0,5,no pathogen was isolated in,0,0,0,0
ZH-017,ZH-017-S05,Laboratory Analysis,1,5,pathogen was isolated in the,0,0,0,1
ZH-017,ZH-017-S05,Laboratory Analysis,2,5,was isolated in the blood,0,0,0,1
ZH-017,ZH-017-S05,Laboratory Analysis,3,5,isolated in the blood analysis,0,0,0,1
ZH-017,ZH-017-S06,Clinical History,0,1,the,0,0,0,0
ZH-017,ZH-017-S06,Clinical History,1,1,patient,0,0,0,0
ZH-017,ZH-017-S06,Clinical History,2,1,denies,0,0,1,0
ZH-017,ZH-017-S06,Clinical History,3,1,previous,0,0,0,1
ZH-017,ZH-017-S06,Clinical History,4,1,bacterial,0,0,0,1
ZH-017,ZH-017-S06,Clinical History,5,1,infection,0,0,0,1
ZH-017,ZH-017-S06,Clinical History,0,2,the patient,0,0,0,0
ZH-017,ZH-017-S06,Clinical History,1,2,patient denies,0,0,0,0
ZH-017,ZH-017-S06,Clinical History,2,2,denies previous,0,0,0,0
ZH-017,ZH-017-S06,Clinical History,3,2,previous bacterial,0,0,0,1
ZH-017,ZH-017-S06,Clinical History,4,2,bacterial infection,1,0,0,1
ZH-017,ZH-017-S06,Clinical History,0,3,the patient denies,0,0,0,0
ZH-017,ZH-017-S06,Clinical History,1,3,patient denies previous,0,0,0,0
ZH-017,ZH-017-S06,Clinical History,2,3,denies previous bacterial,0,0,0,0
ZH-017,ZH-017-S06,Clinical History,3,3,previous bacterial infection,0,0,0,1
ZH-017,ZH-017-S06,Clinical History,0,4,the patient denies previous,0,0,0,0
ZH-017,ZH-017-S06,Clinical History,1,4,patient denies previous bacterial,0,0,0,0
ZH-017,ZH-017-S06,Clinical History,2,4,denies previous bacterial infection,0,0,0,0
ZH-017,ZH-017-S06,Clinical History,0,5,the patient denies previous bacterial,0,0,0,0
ZH-017,ZH-017-S06,Clinical History,1,5,patient denies previous bacterial infection,0,0,0,0
ZH-017,ZH-017-S07,Social History,0,1,the,0,0,0,0
ZH-017,ZH-017-S07,Social History,1,1,caretaker,0,0,0,0
ZH-017,ZH-017-S07,Social History,2,1,has,0,0,0,0
ZH-017,ZH-017-S07,Social History,3,1,a,0,0,0,0
ZH-017,ZH-017-S07,Social History,4,1,sharp,0,0,0,0
ZH-017,ZH-017-S07,Social History,5,1,tongue,0,0,0,0
ZH-017,ZH-017-S07,Social History,0,2,the caretaker,0,0,0,0
ZH-017,ZH-017-S07,Social History,1,2,caretaker has,0,0,0,0
ZH-017,ZH-017-S07,Social History,2,2,has a,0,0,0,0
ZH-017,ZH-017-S07,Social History,3,2,a sharp,0,0,0,0
ZH-017,ZH-017-S07,Social History,4,2,sharp tongue,0,0,0,0
ZH-017,ZH-017-S07,Social History,0,3,the caretaker has,0,0,0,0
ZH-017,ZH-017-S07,Social History,1,3,caretaker has a,0,0,0,0
ZH-017,ZH-017-S07,Social History,2,3,has a sharp,0,0,0,0
ZH-017,ZH-017-S07,Social History,3,3,a sharp tongue,0,0,0,0
ZH-017,ZH-017-S07,Social History,0,4,the caretaker has a,0,0,0,0
ZH-017,ZH-017-S07,Social History,1,4,caretaker has a sharp,0,0,0,0
ZH-017,ZH-017-S07,Social History,2,4,has a sharp tongue,0,0,0,0
ZH-017,ZH-017-S07,Social History,0,5,the caretaker has a sharp,0,0,0,0
ZH-017,ZH-017-S07,Social History,1,5,caretaker has a sharp tongue,0,0,0,0
ZH-017,ZH-017-S08,Social History,0,1,the,0,0,0,0
ZH-017,ZH-017-S08,Social History,1,1,patient,0,0,0,0
ZH-017,ZH-017-S08,Social History,2,1,watched,0,0,0,0
ZH-017,ZH-017-S08,Social History,3,1,a,0,0,0,0
ZH-017,ZH-017-S08,Social History,4,1,pillow,0,0,0,0
ZH-017,ZH-017-S08,Social History,5,1,fight,0,0,0,0
ZH-017,ZH-017-S08,Social History,6,1,in,0,0,0,0
ZH-017,ZH-017-S08,Social History,7,1,the,0,0,0,0
ZH-017,ZH-017-S08,Social History,8,1,waiting,0,0,0,0
ZH-017,ZH-017-S08,Social History,9,1,room,0,0,0,0
ZH-017,ZH-017-S08,Social History,0,2,the patient,0,0,0,0
ZH-017,ZH-017-S08,Social History,1,2,patient watched,0,0,0,0
ZH-017,ZH-017-S08,Social History,2,2,watched a,0,0,0,0
ZH-017,ZH-017-S08,Social History,3,2,a pillow,0,0,0,0
ZH-017,ZH-017-S08,Social History,4,2,pillow fight,0,0,0,0
ZH-017,ZH-017-S08,Social History,5,2,fight in,0,0,0,0
ZH-017,ZH-017-S08,Social History,6,2,in the,0,0,0,0
ZH-017,ZH-017-S08,Social History,7,2,the waiting,0,0,0,0
ZH-017,ZH-017-S08,Social History,8,2,waiting room,0,0,0,0
ZH-017,ZH-017-S08,Social History,0,3,the patient watched,0,0,0,0
ZH-017,ZH-017-S08,Social History,1,3,patient watched a,0,0,0,0
ZH-017,ZH-017-S08,Social History,2,3,watched a pillow,0,0,0,0
ZH-017,ZH-017-S08,Social History,3,3,a pillow fight,0,0,0,0
ZH-017,ZH-017-S08,Social History,4,3,pillow fight in,0,0,0,0
ZH-017,ZH-017-S08,Social History,5,3,fight in the,0,0,0,0
ZH-017,ZH-017-S08,Social History,6,3,in the waiting,0,0,0,0
ZH-017,ZH-017-S08,Social History,7,3,the waiting room,0,0,0,0
ZH-017,ZH-017-S08,Social History,0,4,the patient watched a,0,0,0,0
ZH-017,ZH-017-S08,Social History,1,4,patient watched a pillow,0,0,0,0
ZH-017,ZH-017-S08,Social History,2,4,watched a pillow fight,0,0,0,0
ZH-017,ZH-017-S08,Social History,3,4,a pillow fight in,0,0,0,0
ZH-017,ZH-017-S08,Social History,4,4,pillow fight in the,0,0,0,0
ZH-017,ZH-017-S08,Social History,5,4,fight in the waiting,0,0,0,0
ZH-017,ZH-017-S08,Social History,6,4,in the waiting room,0,0,0,0
ZH-017,ZH-017-S08,Social History,0,5,the patient watched a pillow,0,0,0,0
ZH-017,ZH-017-S08,Social History,1,5,patient watched a pillow fight,0,0,0,0
ZH-017,ZH-017-S08,Social History,2,5,watched a pillow fight in,0,0,0,0
ZH-017,ZH-017-S08,Social History,3,5,a pillow fight in the,0,0,0,0
ZH-017,ZH-017-S08,Social History,4,5,pillow fight in the waiting,0,0,0,0
ZH-017,ZH-017-S08,Social History,5,5,fight in the waiting room,0,0,0,0
ZH-017,ZH-017-S09,Assessment,0,1,findings,0,0,0,0
ZH-017,ZH-017-S09,Assessment,1,1,are,0,0,0,0
ZH-017,ZH-017-S09,Assessment,2,1,consistent,0,0,0,0
ZH-017,ZH-017-S09,Assessment,3,1,with,0,0,0,0
ZH-017,ZH-017-S09,Assessment,4,1,fight,0,0,0,0
ZH-017,ZH-017-S09,Assessment,5,1,injury,0,0,0,0
ZH-017,ZH-017-S09,Assessment,0,2,findings are,0,0,0,0
ZH-017,ZH-017-S09,Assessment,1,2,are consistent,0,0,0,0
ZH-017,ZH-017-S09,Assessment,2,2,consistent with,0,0,0,0
ZH-017,ZH-017-S09,Assessment,3,2,with fight,0,0,0,0
ZH-017,ZH-017-S09,Assessment,4,2,fight injury,1,0,0,0
ZH-017,ZH-017-S09,Assessment,0,3,findings are consistent,0,0,0,0
ZH-017,ZH-017-S09,Assessment,1,3,are consistent with,0,0,0,0
ZH-017,ZH-017-S09,Assessment,2,3,consistent with fight,0,0,0,0
ZH-017,ZH-017-S09,Assessment,3,3,with fight injury,0,0,0,0
ZH-017,ZH-017-S09,Assessment,0,4,findings are consistent with,0,0,0,0
ZH-017,ZH-017-S09,Assessment,1,4,are consistent with fight,0,0,0,0
ZH-017,ZH-017-S09,Assessment,2,4,consistent with fight injury,0,0,0,0
ZH-017,ZH-017-S09,Assessment,0,5,findings are consistent with fight,0,0,0,0
ZH-017,ZH-017-S09,Assessment,1,5,are consistent with fight injury,0,0,0,0
ZH-017,ZH-017-S10,Assessment,0,1,negative,0,0,1,0
ZH-017,ZH-017-S10,Assessment,1,1,for,0,0,0,1
ZH-017,ZH-017-S10,Assessment,2,1,infection,0,0,0,1
ZH-017,ZH-017-S10,Assessment,3,1,of,0,0,0,1
ZH-017,ZH-017-S10,Assessment,4,1,bacterial,0,0,0,1
ZH-017,ZH-017-S10,Assessment,5,1,origin,0,0,0,1
ZH-017,ZH-017-S10,Assessment,0,2,negative for,0,0,0,0
ZH-017,ZH-017-S10,Assessment,1,2,for infection,0,0,0,1
ZH-017,ZH-017-S10,Assessment,2,2,infection of,0,0,0,1
ZH-017,ZH-017-S10,Assessment,3,2,of bacterial,0,0,0,1
ZH-017,ZH-017-S10,Assessment,4,2,bacterial origin,0,0,0,1
ZH-017,ZH-017-S10,Assessment,0,3,negative for infection,0,0,0,0
ZH-017,ZH-017-S10,Assessment,1,3,for infection of,0,0,0,1
ZH-017,ZH-017-S10,Assessment,2,3,infection of bacterial,0,0,0,1
ZH-017,ZH-017-S10,Assessment,3,3,of bacterial origin,0,0,0,1
ZH-017,ZH-017-S10,Assessment,0,4,negative for infection of,0,0,0,0
ZH-017,ZH-017-S10,Assessment,1,4,for infection of bacterial,0,0,0,1
ZH-017,ZH-017-S10,Assessment,2,4,infection of bacterial origin,1,0,0,1
ZH-017,ZH-017-S10,Assessment,0,5,negative for infection of bacterial,0,0,0,0
ZH-017,ZH-017-S10,Assessment,1,5,for infection of bacterial origin,0,0,0,1
ZH-018,ZH-018-S01,Presentation,0,1,signs,0,0,0,0
ZH-018,ZH-018-S01,Presentation,1,1,of,0,0,0,0
ZH-018,ZH-018-S01,Presentation,2,1,yellowish,0,0,0,0
ZH-018,ZH-018-S01,Presentation,3,1,tongue,0,0,0,0
ZH-018,ZH-018-S01,Presentation,4,1,are,0,0,0,0
ZH-018,ZH-018-S01,Presentation,5,1,evident,0,0,0,0
ZH-018,ZH-018-S01,Presentation,0,2,signs of,0,0,0,0
ZH-018,ZH-018-S01,Presentation,1,2,of yellowish,0,0,0,0
ZH-018,ZH-018-S01,Presentation,2,2,yellowish tongue,0,1,0,0
ZH-018,ZH-018-S01,Presentation,3,2,tongue are,0,0,0,0
ZH-018,ZH-018-S01,Presentation,4,2,are evident,0,0,0,0
ZH-018,ZH-018-S01,Presentation,0,3,signs of yellowish,0,0,0,0
ZH-018,ZH-018-S01,Presentation,1,3,of yellowish tongue,0,0,0,0
ZH-018,ZH-018-S01,Presentation,2,3,yellowish tongue are,0,0,0,0
ZH-018,ZH-018-S01,Presentation,3,3,tongue are evident,0,0,0,0
ZH-018,ZH-018-S01,Presentation,0,4,signs of yellowish tongue,0,0,0,0
ZH-018,ZH-018-S01,Presentation,1,4,of yellowish tongue are,0,0,0,0
ZH-018,ZH-018-S01,Presentation,2,4,yellowish tongue are evident,0,0,0,0
ZH-018,ZH-018-S01,Presentation,0,5,signs of yellowish tongue are,0,0,0,0
ZH-018,ZH-018-S01,Presentation,1,5,of yellowish tongue are evident,0,0,0,0
ZH-018,ZH-018-S02,General Examination,0,1,every,0,0,0,0
ZH-018,ZH-018-S02,General Examination,1,1,member,0,0,0,0
ZH-018,ZH-018-S02,General Examination,2,1,is,0,0,0,0
ZH-018,ZH-018-S02,General Examination,3,1,in,0,0,0,0
ZH-018,ZH-018-S02,General Examination,4,1,its,0,0,0,0
ZH-018,ZH-018-S02,General Examination,5,1,place,0,0,0,0
ZH-018,ZH-018-S02,General Examination,0,2,every member,0,0,0,0
ZH-018,ZH-018-S02,General Examination,1,2,member is,0,0,0,0
ZH-018,ZH-018-S02,General Examination,2,2,is in,0,0,0,0
ZH-018,ZH-018-S02,General Examination,3,2,in its,0,0,0,0
ZH-018,ZH-018-S02,General Examination,4,2,its place,0,0,0,0
ZH-018,ZH-018-S02,General Examination,0,3,every member is,0,0,0,0
ZH-018,ZH-018-S02,General Examination,1,3,member is in,0,0,0,0
ZH-018,ZH-018-S02,General Examination,2,3,is in its,0,0,0,0
ZH-018,ZH-018-S02,General Examination,3,3,in its place,0,0,0,0
ZH-018,ZH-018-S02,General Examination,0,4,every member is in,0,0,0,0
ZH-018,ZH-018-S02,General Examination,1,4,member is in its,0,0,0,0
ZH-018,ZH-018-S02,General Examination,2,4,is in its place,0,0,0,0
ZH-018,ZH-018-S02,General Examination,0,5,every member is in its,0,0,0,0
ZH-018,ZH-018-S02,General Examination,1,5,member is in its place,0,0,0,0
ZH-018,ZH-018-S03,Negative Findings,0,1,the,0,0,0,0
ZH-018,ZH-018-S03,Negative Findings,1,1,patient,0,0,0,0
ZH-018,ZH-018-S03,Negative Findings,2,1,presents,0,0,0,0
ZH-018,ZH-018-S03,Negative Findings,3,1,without,0,0,1,0
ZH-018,ZH-018-S03,Negative Findings,4,1,chest,0,0,0,1
ZH-018,ZH-018-S03,Negative Findings,5,1,pain,0,0,0,1
ZH-018,ZH-018-S03,Negative Findings,0,2,the patient,0,0,0,0
ZH-018,ZH-018-S03,Negative Findings,1,2,patient presents,0,0,0,0
ZH-018,ZH-018-S03,Negative Findings,2,2,presents without,0,0,0,0
ZH-018,ZH-018-S03,Negative Findings,3,2,without chest,0,0,0,0
ZH-018,ZH-018-S03,Negative Findings,4,2,chest pain,0,1,0,1
ZH-018,ZH-018-S03,Negative Findings,0,3,the patient presents,0,0,0,0
ZH-018,ZH-018-S03,Negative Findings,1,3,patient presents without,0,0,0,0
ZH-018,ZH-018-S03,Negative Findings,2,3,presents without chest,0,0,0,0
ZH-018,ZH-018-S03,Negative Findings,3,3,without chest pain,0,0,0,0
ZH-018,ZH-018-S03,Negative Findings,0,4,the patient presents without,0,0,0,0
ZH-018,ZH-018-S03,Negative Findings,1,4,patient presents without chest,0,0,0,0
ZH-018,ZH-018-S03,Negative Findings,2,4,presents without chest pain,0,0,0,0
ZH-018,ZH-018-S03,Negative Findings,0,5,the patient presents without chest,0,0,0,0
ZH-018,ZH-018-S03,Negative Findings,1,5,patient presents without chest pain,0,0,0,0
ZH-018,ZH-018-S04,Laboratory Analysis,0,1,laboratory,0,0,0,0
ZH-018,ZH-018-S04,Laboratory Analysis,1,1,tests,0,0,0,0
ZH-018,ZH-018-S04,Laboratory Analysis,2,1,isolated,0,0,0,0
ZH-018,ZH-018-S04,Laboratory Analysis,3,1,cyanobacterium,0,0,0,0
ZH-018,ZH-018-S04,Laboratory Analysis,4,1,zumbi,0,0,0,0
ZH-018,ZH-018-S04,Laboratory Analysis,0,2,laboratory tests,0,0,0,0
ZH-018,ZH-018-S04,Laboratory Analysis,1,2,tests isolated,0,0,0,0
ZH-018,ZH-018-S04,Laboratory Analysis,2,2,isolated cyanobacterium,0,0,0,0
ZH-018,ZH-018-S04,Laboratory Analysis,3,2,cyanobacterium zumbi,0,0,0,0
ZH-018,ZH-018-S04,Laboratory Analysis,0,3,laboratory tests isolated,0,0,0,0
ZH-018,ZH-018-S04,Laboratory Analysis,1,3,tests isolated cyanobacterium,0,0,0,0
ZH-018,ZH-018-S04,Laboratory Analysis,2,3,isolated cyanobacterium zumbi,0,0,0,0
ZH-018,ZH-018-S04,Laboratory Analysis,0,4,laboratory tests isolated cyanobacterium,0,0,0,0
ZH-018,ZH-018-S04,Laboratory Analysis,1,4,tests isolated cyanobacterium zumbi,0,0,0,0
ZH-018,ZH-018-S04,Laboratory Analysis,0,5,laboratory tests isolated cyanobacterium zumbi,0,0,0,0
ZH-018,ZH-018-S05,Clinical History,0,1,no,0,0,1,0
ZH-018,ZH-018-S05,Clinical History,1,1,history,0,0,0,1
ZH-018,ZH-018-S05,Clinical History,2,1,of,0,0,0,1
ZH-018,ZH-018-S05,Clinical History,3,1,altercation,0,0,0,1
ZH-018,ZH-018-S05,Clinical History,4,1,injury,0,0,0,1
ZH-018,ZH-018-S05,Clinical History,0,2,no history,0,0,0,0
ZH-018,ZH-018-S05,Clinical History,1,2,history of,0,0,0,1
ZH-018,ZH-018-S05,Clinical History,2,2,of altercation,0,0,0,1
ZH-018,ZH-018-S05,Clinical History,3,2,altercation injury,1,0,0,1
ZH-018,ZH-018-S05,Clinical History,0,3,no history of,0,0,0,0
ZH-018,ZH-018-S05,Clinical History,1,3,history of altercation,0,0,0,1
ZH-018,ZH-018-S05,Clinical History,2,3,of altercation injury,0,0,0,1
ZH-018,ZH-018-S05,Clinical History,0,4,no history of altercation,0,0,0,0
ZH-018,ZH-018-S05,Clinical History,1,4,history of altercation injury,0,0,0,1
ZH-018,ZH-018-S05,Clinical History,0,5,no history of altercation injury,0,0,0,0
ZH-018,ZH-018-S06,Social History,0,1,the,0,0,0,0
ZH-018,ZH-018-S06,Social History,1,1,patient,0,0,0,0
ZH-018,ZH-018-S06,Social History,2,1,is,0,0,0,0
ZH-018,ZH-018-S06,Social History,3,1,a,0,0,0,0
ZH-018,ZH-018-S06,Social History,4,1,member,0,0,0,0
ZH-018,ZH-018-S06,Social History,5,1,of,0,0,0,0
ZH-018,ZH-018-S06,Social History,6,1,the,0,0,0,0
ZH-018,ZH-018-S06,Social History,7,1,downtown,0,0,0,0
ZH-018,ZH-018-S06,Social History,8,1,horde,0,0,0,0
ZH-018,ZH-018-S06,Social History,0,2,the patient,0,0,0,0
ZH-018,ZH-018-S06,Social History,1,2,patient is,0,0,0,0
ZH-018,ZH-018-S06,Social History,2,2,is a,0,0,0,0
ZH-018,ZH-018-S06,Social History,3,2,a member,0,0,0,0
ZH-018,ZH-018-S06,Social History,4,2,member of,0,0,0,0
ZH-018,ZH-018-S06,Social History,5,2,of the,0,0,0,0
ZH-018,ZH-018-S06,Social History,6,2,the downtown,0,0,0,0
ZH-018,ZH-018-S06,Social History,7,2,downtown horde,0,0,0,0
ZH-018,ZH-018-S06,Social History,0,3,the patient is,0,0,0,0
ZH-018,ZH-018-S06,Social History,1,3,patient is a,0,0,0,0
ZH-018,ZH-018-S06,Social History,2,3,is a member,0,0,0,0
ZH-018,ZH-018-S06,Social History,3,3,a member of,0,0,0,0
ZH-018,ZH-018-S06,Social History,4,3,member of the,0,0,0,0
ZH-018,ZH-018-S06,Social History,5,3,of the downtown,0,0,0,0
ZH-018,ZH-018-S06,Social History,6,3,the downtown horde,0,0,0,0
ZH-018,ZH-018-S06,Social History,0,4,the patient is a,0,0,0,0
ZH-018,ZH-018-S06,Social History,1,4,patient is a member,0,0,0,0
ZH-018,ZH-018-S06,Social History,2,4,is a member of,0,0,0,0
ZH-018,ZH-018-S06,Social History,3,4,a member of the,0,0,0,0
ZH-018,ZH-018-S06,Social History,4,4,member of the downtown,0,0,0,0
ZH-018,ZH-018-S06,Social History,5,4,of the downtown horde,0,0,0,0
ZH-018,ZH-018-S06,Social History,0,5,the patient is a member,0,0,0,0
ZH-018,ZH-018-S06,Social History,1,5,patient is a member of,0,0,0,0
ZH-018,ZH-018-S06,Social History,2,5,is a member of the,0,0,0,0
ZH-018,ZH-018-S06,Social History,3,5,a member of the downtown,0,0,0,0
ZH-018,ZH-018-S06,Social History,4,5,member of the downtown horde,0,0,0,0
ZH-018,ZH-018-S07,Social History,0,1,the,0,0,0,0
ZH-018,ZH-018-S07,Social History,1,1,patient,0,0,0,0
ZH-018,ZH-018-S07,Social History,2,1,sticks,0,0,0,0
ZH-018,ZH-018-S07,Social History,3,1,out,0,0,0,0
ZH-018,ZH-018-S07,Social History,4,1,the,0,0,0,0
ZH-018,ZH-018-S07,Social History,5,1,tongue,0,0,0,0
ZH-018,ZH-018-S07,Social History,6,1,at,0,0,0,0
ZH-018,ZH-018-S07,Social History,7,1,the,0,0,0,0
ZH-018,ZH-018-S07,Social History,8,1,nurses,0,0,0,0
ZH-018,ZH-018-S07,Social History,0,2,the patient,0,0,0,0
ZH-018,ZH-018-S07,Social History,1,2,patient sticks,0,0,0,0
ZH-018,ZH-018-S07,Social History,2,2,sticks out,0,0,0,0
ZH-018,ZH-018-S07,Social History,3,2,out the,0,0,0,0
ZH-018,ZH-018-S07,Social History,4,2,the tongue,0,0,0,0
ZH-018,ZH-018-S07,Social History,5,2,tongue at,0,0,0,0
ZH-018,ZH-018-S07,Social History,6,2,at the,0,0,0,0
ZH-018,ZH-018-S07,Social History,7,2,the nurses,0,0,0,0
ZH-018,ZH-018-S07,Social History,0,3,the patient sticks,0,0,0,0
ZH-018,ZH-018-S07,Social History,1,3,patient sticks out,0,0,0,0
ZH-018,ZH-018-S07,Social History,2,3,sticks out the,0,0,0,0
ZH-018,ZH-018-S07,Social History,3,3,out the tongue,0,0,0,0
ZH-018,ZH-018-S07,Social History,4,3,the tongue at,0,0,0,0
ZH-018,ZH-018-S07,Social History,5,3,tongue at the,0,0,0,0
ZH-018,ZH-018-S07,Social History,6,3,at the nurses,0,0,0,0
ZH-018,ZH-018-S07,Social History,0,4,the patient sticks out,0,0,0,0
ZH-018,ZH-018-S07,Social History,1,4,patient sticks out the,0,0,0,0
ZH-018,ZH-018-S07,Social History,2,4,sticks out the tongue,0,0,0,0
ZH-018,ZH-018-S07,Social History,3,4,out the tongue at,0,0,0,0
ZH-018,ZH-018-S07,Social History,4,4,the tongue at the,0,0,0,0
ZH-018,ZH-018-S07,Social History,5,4,tongue at the nurses,0,0,0,0
ZH-018,ZH-018-S07,Social History,0,5,the patient sticks out the,0,0,0,0
ZH-018,ZH-018-S07,Social History,1,5,patient sticks out the tongue,0,0,0,0
ZH-018,ZH-018-S07,Social History,2,5,sticks out the tongue at,0,0,0,0
ZH-018,ZH-018-S07,Social History,3,5,out the tongue at the,0,0,0,0
ZH-018,ZH-018-S07,Social History,4,5,the tongue at the nurses,0,0,0,0
ZH-018,ZH-018-S08,Assessment,0,1,diagnosis,0,0,0,0
ZH-018,ZH-018-S08,Assessment,1,1,infection,0,0,0,0
ZH-018,ZH-018-S08,Assessment,2,1,of,0,0,0,0
ZH-018,ZH-018-S08,Assessment,3,1,bacterial,0,0,0,0
ZH-018,ZH-018-S08,Assessment,4,1,origin,0,0,0,0
ZH-018,ZH-018-S08,Assessment,0,2,diagnosis infection,0,0,0,0
ZH-018,ZH-018-S08,Assessment,1,2,infection of,0,0,0,0
ZH-018,ZH-018-S08,Assessment,2,2,of bacterial,0,0,0,0
ZH-018,ZH-018-S08,Assessment,3,2,bacterial origin,0,0,0,0
ZH-018,ZH-018-S08,Assessment,0,3,diagnosis infection of,0,0,0,0
ZH-018,ZH-018-S08,Assessment,1,3,infection of bacterial,0,0,0,0
ZH-018,ZH-018-S08,Assessment,2,3,of bacterial origin,0,0,0,0
ZH-018,ZH-018-S08,Assessment,0,4,diagnosis infection of bacterial,0,0,0,0
ZH-018,ZH-018-S08,Assessment,1,4,infection of bacterial origin,1,0,0,0
ZH-018,ZH-018-S08,Assessment,0,5,diagnosis infection of bacterial origin,0,0,0,0
ZH-018,ZH-018-S09,Assessment,0,1,no,0,0,1,0
ZH-018,ZH-018-S09,Assessment,1,1,evidence,0,0,0,1
ZH-018,ZH-018-S09,Assessment,2,1,of,0,0,0,1
ZH-018,ZH-018-S09,Assessment,3,1,bite,0,0,0,1
ZH-018,ZH-018-S09,Assessment,4,1,related,0,0,0,1
ZH-018,ZH-018-S09,Assessment,5,1,deficit,0,0,0,1
ZH-018,ZH-018-S09,Assessment,0,2,no evidence,0,0,0,0
ZH-018,ZH-018-S09,Assessment,1,2,evidence of,0,0,0,1
ZH-018,ZH-018-S09,Assessment,2,2,of bite,0,0,0,1
ZH-018,ZH-018-S09,Assessment,3,2,bite related,0,0,0,1
ZH-018,ZH-018-S09,Assessment,4,2,related deficit,0,0,0,1
ZH-018,ZH-018-S09,Assessment,0,3,no evidence of,0,0,0,0
ZH-018,ZH-018-S09,Assessment,1,3,evidence of bite,0,0,0,1
ZH-018,ZH-018-S09,Assessment,2,3,of bite related,0,0,0,1
ZH-018,ZH-018-S09,Assessment,3,3,bite related deficit,1,0,0,1
ZH-018,ZH-018-S09,Assessment,0,4,no evidence of bite,0,0,0,0
ZH-018,ZH-018-S09,Assessment,1,4,evidence of bite related,0,0,0,1
ZH-018,ZH-018-S09,Assessment,2,4,of bite related deficit,0,0,0,1
ZH-018,ZH-018-S09,Assessment,0,5,no evidence of bite related,0,0,0,0
ZH-018,ZH-018-S09,Assessment,1,5,evidence of bite related deficit,0,0,0,1
ZH-019,ZH-019-S01,Presentation,0,1,the,0,0,0,0
ZH-019,ZH-019-S01,Presentation,1,1,patient,0,0,0,0
ZH-019,ZH-019-S01,Presentation,2,1,reports,0,0,0,0
ZH-019,ZH-019-S01,Presentation,3,1,tremor,0,0,0,0
ZH-019,ZH-019-S01,Presentation,4,1,in,0,0,0,0
ZH-019,ZH-019-S01,Presentation,5,1,the,0,0,0,0
ZH-019,ZH-019-S01,Presentation,6,1,little,0,0,0,0
ZH-019,ZH-019-S01,Presentation,7,1,finger,0,0,0,0
ZH-019,ZH-019-S01,Presentation,0,2,the patient,0,0,0,0
ZH-019,ZH-019-S01,Presentation,1,2,patient reports,0,0,0,0
ZH-019,ZH-019-S01,Presentation,2,2,reports tremor,0,0,0,0
ZH-019,ZH-019-S01,Presentation,3,2,tremor in,0,0,0,0
ZH-019,ZH-019-S01,Presentation,4,2,in the,0,0,0,0
ZH-019,ZH-019-S01,Presentation,5,2,the little,0,0,0,0
ZH-019,ZH-019-S01,Presentation,6,2,little finger,0,0,0,0
ZH-019,ZH-019-S01,Presentation,0,3,the patient reports,0,0,0,0
ZH-019,ZH-019-S01,Presentation,1,3,patient reports tremor,0,0,0,0
ZH-019,ZH-019-S01,Presentation,2,3,reports tremor in,0,0,0,0
ZH-019,ZH-019-S01,Presentation,3,3,tremor in the,0,0,0,0
ZH-019,ZH-019-S01,Presentation,4,3,in the little,0,0,0,0
ZH-019,ZH-019-S01,Presentation,5,3,the little finger,0,0,0,0
ZH-019,ZH-019-S01,Presentation,0,4,the patient reports tremor,0,0,0,0
ZH-019,ZH-019-S01,Presentation,1,4,patient reports tremor in,0,0,0,0
ZH-019,ZH-019-S01,Presentation,2,4,reports tremor in the,0,0,0,0
ZH-019,ZH-019-S01,Presentation,3,4,tremor in the little,0,0,0,0
ZH-019,ZH-019-S01,Presentation,4,4,in the little finger,0,0,0,0
ZH-019,ZH-019-S01,Presentation,0,5,the patient reports tremor in,0,0,0,0
ZH-019,ZH-019-S01,Presentation,1,5,patient reports tremor in the,0,0,0,0
ZH-019,ZH-019-S01,Presentation,2,5,reports tremor in the little,0,0,0,0
ZH-019,ZH-019-S01,Presentation,3,5,tremor in the little finger,0,1,0,0
ZH-019,ZH-019-S02,General Examination,0,1,a,0,0,0,0
ZH-019,ZH-019-S02,General Examination,1,1,grey,0,0,0,0
ZH-019,ZH-019-S02,General Examination,2,1,coating,0,0,0,0
ZH-019,ZH-019-S02,General Examination,3,1,covers,0,0,0,0
ZH-019,ZH-019-S02,General Examination,4,1,the,0,0,0,0
ZH-019,ZH-019-S02,General Examination,5,1,tongue,0,0,0,0
ZH-019,ZH-019-S02,General Examination,6,1,which,0,0,0,0
ZH-019,ZH-019-S02,General Examination,7,1,is,0,0,0,0
ZH-019,ZH-019-S02,General Examination,8,1,normal,0,0,0,0
ZH-019,ZH-019-S02,General Examination,0,2,a grey,0,0,0,0
ZH-019,ZH-019-S02,General Examination,1,2,grey coating,0,0,0,0
ZH-019,ZH-019-S02,General Examination,2,2,coating covers,0,0,0,0
ZH-019,ZH-019-S02,General Examination,3,2,covers the,0,0,0,0
ZH-019,ZH-019-S02,General Examination,4,2,the tongue,0,0,0,0
ZH-019,ZH-019-S02,General Examination,5,2,tongue which,0,0,0,0
ZH-019,ZH-019-S02,General Examination,6,2,which is,0,0,0,0
ZH-019,ZH-019-S02,General Examination,7,2,is normal,0,0,0,0
ZH-019,ZH-019-S02,General Examination,0,3,a grey coating,0,0,0,0
ZH-019,ZH-019-S02,General Examination,1,3,grey coating covers,0,0,0,0
ZH-019,ZH-019-S02,General Examination,2,3,coating covers the,0,0,0,0
ZH-019,ZH-019-S02,General Examination,3,3,covers the tongue,0,0,0,0
ZH-019,ZH-019-S02,General Examination,4,3,the tongue which,0,0,0,0
ZH-019,ZH-019-S02,General Examination,5,3,tongue which is,0,0,0,0
ZH-019,ZH-019-S02,General Examination,6,3,which is normal,0,0,0,0
ZH-019,ZH-019-S02,General Examination,0,4,a grey coating covers,0,0,0,0
ZH-019,ZH-019-S02,General Examination,1,4,grey coating covers the,0,0,0,0
ZH-019,ZH-019-S02,General Examination,2,4,coating covers the tongue,0,0,0,0
ZH-019,ZH-019-S02,General Examination,3,4,covers the tongue which,0,0,0,0
ZH-019,ZH-019-S02,General Examination,4,4,the tongue which is,0,0,0,0
ZH-019,ZH-019-S02,General Examination,5,4,tongue which is normal,0,0,0,0
ZH-019,ZH-019-S02,General Examination,0,5,a grey coating covers the,0,0,0,0
ZH-019,ZH-019-S02,General Examination,1,5,grey coating covers the tongue,0,0,0,0
ZH-019,ZH-019-S02,General Examination,2,5,coating covers the tongue which,0,0,0,0
ZH-019,ZH-019-S02,General Examination,3,5,covers the tongue which is,0,0,0,0
ZH-019,ZH-019-S02,General Examination,4,5,the tongue which is normal,0,0,0,0
ZH-019,ZH-019-S03,Negative Findings,0,1,the,0,0,0,0
ZH-019,ZH-019-S03,Negative Findings,1,1,patient,0,0,0,0
ZH-019,ZH-019-S03,Negative Findings,2,1,is,0,0,0,0
ZH-019,ZH-019-S03,Negative Findings,3,1,free,0,0,0,0
ZH-019,ZH-019-S03,Negative Findings,4,1,of,0,0,0,0
ZH-019,ZH-019-S03,Negative Findings,5,1,loss,0,0,0,1
ZH-019,ZH-019-S03,Negative Findings,6,1,of,0,0,0,1
ZH-019,ZH-019-S03,Negative Findings,7,1,motor,0,0,0,1
ZH-019,ZH-019-S03,Negative Findings,8,1,control,0,0,0,1
ZH-019,ZH-019-S03,Negative Findings,0,2,the patient,0,0,0,0
ZH-019,ZH-019-S03,Negative Findings,1,2,patient is,0,0,0,0
ZH-019,ZH-019-S03,Negative Findings,2,2,is free,0,0,0,0
ZH-019,ZH-019-S03,Negative Findings,3,2,free of,0,0,1,0
ZH-019,ZH-019-S03,Negative Findings,4,2,of loss,0,0,0,0
ZH-019,ZH-019-S03,Negative Findings,5,2,loss of,0,0,0,1
ZH-019,ZH-019-S03,Negative Findings,6,2,of motor,0,0,0,1
ZH-019,ZH-019-S03,Negative Findings,7,2,motor control,0,0,0,1
ZH-019,ZH-019-S03,Negative Findings,0,3,the patient is,0,0,0,0
ZH-019,ZH-019-S03,Negative Findings,1,3,patient is free,0,0,0,0
ZH-019,ZH-019-S03,Negative Findings,2,3,is free of,0,0,0,0
ZH-019,ZH-019-S03,Negative Findings,3,3,free of loss,0,0,0,0
ZH-019,ZH-019-S03,Negative Findings,4,3,of loss of,0,0,0,0
ZH-019,ZH-019-S03,Negative Findings,5,3,loss of motor,0,0,0,1
ZH-019,ZH-019-S03,Negative Findings,6,3,of motor control,0,0,0,1
ZH-019,ZH-019-S03,Negative Findings,0,4,the patient is free,0,0,0,0
ZH-019,ZH-019-S03,Negative Findings,1,4,patient is free of,0,0,0,0
ZH-019,ZH-019-S03,Negative Findings,2,4,is free of loss,0,0,0,0
ZH-019,ZH-019-S03,Negative Findings,3,4,free of loss of,0,0,0,0
ZH-019,ZH-019-S03,Negative Findings,4,4,of loss of motor,0,0,0,0
ZH-019,ZH-019-S03,Negative Findings,5,4,loss of motor control,0,1,0,1
ZH-019,ZH-019-S03,Negative Findings,0,5,the patient is free of,0,0,0,0
ZH-019,ZH-019-S03,Negative Findings,1,5,patient is free of loss,0,0,0,0
ZH-019,ZH-019-S03,Negative Findings,2,5,is free of loss of,0,0,0,0
ZH-019,ZH-019-S03,Negative Findings,3,5,free of loss of motor,0,0,0,0
ZH-019,ZH-019-S03,Negative Findings,4,5,of loss of motor control,0,0,0,0
ZH-019,ZH-019-S04,Negative Findings,0,1,no,0,0,1,0
ZH-019,ZH-019-S04,Negative Findings,1,1,signs,0,0,0,1
ZH-019,ZH-019-S04,Negative Findings,2,1,of,0,0,0,1
ZH-019,ZH-019-S04,Negative Findings,3,1,yellow,0,0,0,1
ZH-019,ZH-019-S04,Negative Findings,4,1,tinted,0,0,0,1
ZH-019,ZH-019-S04,Negative Findings,5,1,tongue,0,0,0,1
ZH-019,ZH-019-S04,Negative Findings,0,2,no signs,0,0,0,0
ZH-019,ZH-019-S04,Negative Findings,1,2,signs of,0,0,0,1
ZH-019,ZH-019-S04,Negative Findings,2,2,of yellow,0,0,0,1
ZH-019,ZH-019-S04,Negative Findings,3,2,yellow tinted,0,0,0,1
ZH-019,ZH-019-S04,Negative Findings,4,2,tinted tongue,0,0,0,1
ZH-019,ZH-019-S04,Negative Findings,0,3,no signs of,0,0,0,0
ZH-019,ZH-019-S04,Negative Findings,1,3,signs of yellow,0,0,0,1
ZH-019,ZH-019-S04,Negative Findings,2,3,of yellow tinted,0,0,0,1
ZH-019,ZH-019-S04,Negative Findings,3,3,yellow tinted tongue,0,1,0,1
ZH-019,ZH-019-S04,Negative Findings,0,4,no signs of yellow,0,0,0,0
ZH-019,ZH-019-S04,Negative Findings,1,4,signs of yellow tinted,0,0,0,1
ZH-019,ZH-019-S04,Negative Findings,2,4,of yellow tinted tongue,0,0,0,1
ZH-019,ZH-019-S04,Negative Findings,0,5,no signs of yellow tinted,0,0,0,0
ZH-019,ZH-019-S04,Negative Findings,1,5,signs of yellow tinted tongue,0,0,0,1
ZH-019,ZH-019-S05,Laboratory Analysis,0,1,laboratory,0,0,0,0
ZH-019,ZH-019-S05,Laboratory Analysis,1,1,tests,0,0,0,0
ZH-019,ZH-019-S05,Laboratory Analysis,2,1,did,0,0,0,0
ZH-019,ZH-019-S05,Laboratory Analysis,3,1,not,0,0,1,0
ZH-019,ZH-019-S05,Laboratory Analysis,4,1,identify,0,0,0,1
ZH-019,ZH-019-S05,Laboratory Analysis,5,1,any,0,0,0,1
ZH-019,ZH-019-S05,Laboratory Analysis,6,1,pathogen,0,0,0,1
ZH-019,ZH-019-S05,Laboratory Analysis,0,2,laboratory tests,0,0,0,0
ZH-019,ZH-019-S05,Laboratory Analysis,1,2,tests did,0,0,0,0
ZH-019,ZH-019-S05,Laboratory Analysis,2,2,did not,0,0,0,0
ZH-019,ZH-019-S05,Laboratory Analysis,3,2,not identify,0,0,0,0
ZH-019,ZH-019-S05,Laboratory Analysis,4,2,identify any,0,0,0,1
ZH-019,ZH-019-S05,Laboratory Analysis,5,2,any pathogen,0,0,0,1
ZH-019,ZH-019-S05,Laboratory Analysis,0,3,laboratory tests did,0,0,0,0
ZH-019,ZH-019-S05,Laboratory Analysis,1,3,tests did not,0,0,0,0
ZH-019,ZH-019-S05,Laboratory Analysis,2,3,did not identify,0,0,0,0
ZH-019,ZH-019-S05,Laboratory Analysis,3,3,not identify any,0,0,0,0
ZH-019,ZH-019-S05,Laboratory Analysis,4,3,identify any pathogen,0,0,0,1
ZH-019,ZH-019-S05,Laboratory Analysis,0,4,laboratory tests did not,0,0,0,0
ZH-019,ZH-019-S05,Laboratory Analysis,1,4,tests did not identify,0,0,0,0
ZH-019,ZH-019-S05,Laboratory Analysis,2,4,did not identify any,0,0,0,0
ZH-019,ZH-019-S05,Laboratory Analysis,3,4,not identify any pathogen,0,0,0,0
ZH-019,ZH-019-S05,Laboratory Analysis,0,5,laboratory tests did not identify,0,0,0,0
ZH-019,ZH-019-S05,Laboratory Analysis,1,5,tests did not identify any,0,0,0,0
ZH-019,ZH-019-S05,Laboratory Analysis,2,5,did not identify any pathogen,0,0,0,0
ZH-019,ZH-019-S06,Clinical History,0,1,history,0,0,0,0
ZH-019,ZH-019-S06,Clinical History,1,1,of,0,0,0,0
ZH-019,ZH-019-S06,Clinical History,2,1,infection,0,0,0,0
ZH-019,ZH-019-S06,Clinical History,3,1,of,0,0,0,0
ZH-019,ZH-019-S06,Clinical History,4,1,bacterial,0,0,0,0
ZH-019,ZH-019-S06,Clinical History,5,1,origin,0,0,0,0
ZH-019,ZH-019-S06,Clinical History,0,2,history of,0,0,0,0
ZH-019,ZH-019-S06,Clinical History,1,2,of infection,0,0,0,0
ZH-019,ZH-019-S06,Clinical History,2,2,infection of,0,0,0,0
ZH-019,ZH-019-S06,Clinical History,3,2,of bacterial,0,0,0,0
ZH-019,ZH-019-S06,Clinical History,4,2,bacterial origin,0,0,0,0
ZH-019,ZH-019-S06,Clinical History,0,3,history of infection,0,0,0,0
ZH-019,ZH-019-S06,Clinical History,1,3,of infection of,0,0,0,0
ZH-019,ZH-019-S06,Clinical History,2,3,infection of bacterial,0,0,0,0
ZH-019,ZH-019-S06,Clinical History,3,3,of bacterial origin,0,0,0,0
ZH-019,ZH-019-S06,Clinical History,0,4,history of infection of,0,0,0,0
ZH-019,ZH-019-S06,Clinical History,1,4,of infection of bacterial,0,0,0,0
ZH-019,ZH-019-S06,Clinical History,2,4,infection of bacterial origin,1,0,0,0
ZH-019,ZH-019-S06,Clinical History,0,5,history of infection of bacterial,0,0,0,0
ZH-019,ZH-019-S06,Clinical History,1,5,of infection of bacterial origin,0,0,0,0
ZH-019,ZH-019-S07,Social History,0,1,the,0,0,0,0
ZH-019,ZH-019-S07,Social History,1,1,caretaker,0,0,0,0
ZH-019,ZH-019-S07,Social History,2,1,has,0,0,0,0
ZH-019,ZH-019-S07,Social History,3,1,a,0,0,0,0
ZH-019,ZH-019-S07,Social History,4,1,sharp,0,0,0,0
ZH-019,ZH-019-S07,Social History,5,1,tongue,0,0,0,0
ZH-019,ZH-019-S07,Social History,0,2,the caretaker,0,0,0,0
ZH-019,ZH-019-S07,Social History,1,2,caretaker has,0,0,0,0
ZH-019,ZH-019-S07,Social History,2,2,has a,0,0,0,0
ZH-019,ZH-019-S07,Social History,3,2,a sharp,0,0,0,0
ZH-019,ZH-019-S07,Social History,4,2,sharp tongue,0,0,0,0
ZH-019,ZH-019-S07,Social History,0,3,the caretaker has,0,0,0,0
ZH-019,ZH-019-S07,Social History,1,3,caretaker has a,0,0,0,0
ZH-019,ZH-019-S07,Social History,2,3,has a sharp,0,0,0,0
ZH-019,ZH-019-S07,Social History,3,3,a sharp tongue,0,0,0,0
ZH-019,ZH-019-S07,Social History,0,4,the caretaker has a,0,0,0,0
ZH-019,ZH-019-S07,Social History,1,4,caretaker has a sharp,0,0,0,0
ZH-019,ZH-019-S07,Social History,2,4,has a sharp tongue,0,0,0,0
ZH-019,ZH-019-S07,Social History,0,5,the caretaker has a sharp,0,0,0,0
ZH-019,ZH-019-S07,Social History,1,5,caretaker has a sharp tongue,0,0,0,0
ZH-019,ZH-019-S08,Assessment,0,1,clinical,0,0,0,0
ZH-019,ZH-019-S08,Assessment,1,1,impression,0,0,0,0
ZH-019,ZH-019-S08,Assessment,2,1,bite,0,0,0,0
ZH-019,ZH-019-S08,Assessment,3,1,related,0,0,0,0
ZH-019,ZH-019-S08,Assessment,4,1,deficit,0,0,0,0
ZH-019,ZH-019-S08,Assessment,0,2,clinical impression,0,0,0,0
ZH-019,ZH-019-S08,Assessment,1,2,impression bite,0,0,0,0
ZH-019,ZH-019-S08,Assessment,2,2,bite related,0,0,0,0
ZH-019,ZH-019-S08,Assessment,3,2,related deficit,0,0,0,0
ZH-019,ZH-019-S08,Assessment,0,3,clinical impression bite,0,0,0,0
ZH-019,ZH-019-S08,Assessment,1,3,impression bite related,0,0,0,0
ZH-019,ZH-019-S08,Assessment,2,3,bite related deficit,1,0,0,0
ZH-019,ZH-019-S08,Assessment,0,4,clinical impression bite related,0,0,0,0
ZH-019,ZH-019-S08,Assessment,1,4,impression bite related deficit,0,0,0,0
ZH-019,ZH-019-S08,Assessment,0,5,clinical impression bite related deficit,0,0,0,0
ZH-019,ZH-019-S09,Assessment,0,1,negative,0,0,1,0
ZH-019,ZH-019-S09,Assessment,1,1,for,0,0,0,1
ZH-019,ZH-019-S09,Assessment,2,1,bacterial,0,0,0,1
ZH-019,ZH-019-S09,Assessment,3,1,infectious,0,0,0,1
ZH-019,ZH-019-S09,Assessment,4,1,process,0,0,0,1
ZH-019,ZH-019-S09,Assessment,0,2,negative for,0,0,0,0
ZH-019,ZH-019-S09,Assessment,1,2,for bacterial,0,0,0,1
ZH-019,ZH-019-S09,Assessment,2,2,bacterial infectious,0,0,0,1
ZH-019,ZH-019-S09,Assessment,3,2,infectious process,0,0,0,1
ZH-019,ZH-019-S09,Assessment,0,3,negative for bacterial,0,0,0,0
ZH-019,ZH-019-S09,Assessment,1,3,for bacterial infectious,0,0,0,1
ZH-019,ZH-019-S09,Assessment,2,3,bacterial infectious process,1,0,0,1
ZH-019,ZH-019-S09,Assessment,0,4,negative for bacterial infectious,0,0,0,0
ZH-019,ZH-019-S09,Assessment,1,4,for bacterial infectious process,0,0,0,1
ZH-019,ZH-019-S09,Assessment,0,5,negative for bacterial infectious process,0,0,0,0
